ID,1,2,3,4,5,6,7,8,9,10,11,12,13,14,15
040,Canada Life,Manulife,Mercer Canada,Swiss Re,Ontario Teachers' Pension Plan,Northbridge Financial Corporation,Munich Re,Desjardins,Deloitte,CAAT Pension Plan,Foresters Financial,iA Financial Group,Milliman,Normandin Beaudry,PartnerRe
622,KPMG Canada,Deloitte,Canada Life,Milliman,Manulife,Moody's Analytics,Munich Re,Economical Insurance,Intact Insurance,Desjardins,iA Financial Group,Foresters Financial,Wawanesa Insurance,RSM Canada,PartnerRe
321,Royal and Sun Alliance (RSA),Deloitte,KPMG Canada,0,0,0,0,0,0,0,0,0,0,0,0
091,Munich Re,Economical Insurance,Desjardins,KPMG Canada,Deloitte,Canada Life,Manulife,Mercer Canada,Normandin Beaudry,0,0,0,0,0,0
320,Manulife,PartnerRe,Wawanesa Insurance,Intact Insurance,Canada Life,Deloitte,Desjardins,Munich Re,The Co-operators,Swiss Re,KPMG Canada,Echelon Insurance / CCG Group,Mercer Canada,RSM Canada,CAAT Pension Plan
334,Deloitte,KPMG Canada,RSM Canada,Royal and Sun Alliance (RSA),Milliman,Desjardins,Munich Re,Swiss Re,Canada Life,Manulife,Mercer Canada,iA Financial Group,Moody's Analytics,PartnerRe,Wawanesa Insurance
062,Ontario Teachers' Pension Plan,Royal and Sun Alliance (RSA),Munich Re,Swiss Re,Deloitte,KPMG Canada,Milliman,Mercer Canada,Intact Insurance,Economical Insurance,Manulife,Canada Life,Moody's Analytics,PartnerRe,CAAT Pension Plan
408,Intact Insurance,The Co-operators,Wawanesa Insurance,Deloitte,Munich Re,Swiss Re,Manulife,Economical Insurance,Canada Life,PartnerRe,RSM Canada,Normandin Beaudry,Northbridge Financial Corporation,iA Financial Group,Ontario Teachers' Pension Plan
027,Royal and Sun Alliance (RSA),The Co-operators,Intact Insurance,Northbridge Financial Corporation,KPMG Canada,Desjardins,Canada Life,Echelon Insurance / CCG Group,Manulife,Munich Re,Mercer Canada,Swiss Re,iA Financial Group,Foresters Financial,RSM Canada
060,Intact Insurance,KPMG Canada,Deloitte,iA Financial Group,The Co-operators,Swiss Re,PartnerRe,Wawanesa Insurance,Northbridge Financial Corporation,Desjardins,Manulife,Munich Re,Economical Insurance,Normandin Beaudry,Ontario Teachers' Pension Plan
402,Deloitte,KPMG Canada,Munich Re,Swiss Re,Intact Insurance,Desjardins,Economical Insurance,Manulife,Moody's Analytics,Milliman,PartnerRe,Royal and Sun Alliance (RSA),Wawanesa Insurance,Normandin Beaudry,Foresters Financial
388,Canada Life,Manulife,Munich Re,iA Financial Group,Foresters Financial,Deloitte,Desjardins,CAAT Pension Plan,Mercer Canada,Intact Insurance,PartnerRe,Swiss Re,Economical Insurance,Ontario Teachers' Pension Plan,The Co-operators
213,Milliman,KPMG Canada,Mercer Canada,Deloitte,Normandin Beaudry,Manulife,Canada Life,PartnerRe,RSM Canada,Desjardins,Foresters Financial,Wawanesa Insurance,CAAT Pension Plan,The Co-operators,Munich Re
245,Milliman,Deloitte,Intact Insurance,Manulife,KPMG Canada,Ontario Teachers' Pension Plan,Swiss Re,Munich Re,Moody's Analytics,Mercer Canada,Foresters Financial,Desjardins,CAAT Pension Plan,Canada Life,Economical Insurance
505,Wawanesa Insurance,Intact Insurance,The Co-operators,Economical Insurance,Foresters Financial,Munich Re,Royal and Sun Alliance (RSA),CAAT Pension Plan,Deloitte,Desjardins,Echelon Insurance / CCG Group,Swiss Re,Northbridge Financial Corporation,KPMG Canada,PartnerRe
104,Wawanesa Insurance,Canada Life,Manulife,Mercer Canada,KPMG Canada,Munich Re,Intact Insurance,0,0,0,0,0,0,0,0
054,Mercer Canada,iA Financial Group,Manulife,Normandin Beaudry,Deloitte,Intact Insurance,Desjardins,Echelon Insurance / CCG Group,PartnerRe,Economical Insurance,Munich Re,Milliman,Royal and Sun Alliance (RSA),Swiss Re,CAAT Pension Plan
076,Milliman,CAAT Pension Plan,Wawanesa Insurance,Ontario Teachers' Pension Plan,Deloitte,Canada Life,KPMG Canada,Swiss Re,Munich Re,Economical Insurance,PartnerRe,The Co-operators,Royal and Sun Alliance (RSA),Northbridge Financial Corporation,Moody's Analytics
052,Canada Life,Deloitte,Manulife,Mercer Canada,Wawanesa Insurance,RSM Canada,Royal and Sun Alliance (RSA),The Co-operators,Normandin Beaudry,Foresters Financial,Economical Insurance,Desjardins,CAAT Pension Plan,Munich Re,Northbridge Financial Corporation
383,Manulife,Canada Life,Desjardins,iA Financial Group,Normandin Beaudry,The Co-operators,Mercer Canada,Munich Re,Intact Insurance,Echelon Insurance / CCG Group,PartnerRe,Swiss Re,Wawanesa Insurance,Milliman,KPMG Canada
026,KPMG Canada,Deloitte,Mercer Canada,Milliman,Northbridge Financial Corporation,Intact Insurance,Normandin Beaudry,Foresters Financial,Wawanesa Insurance,The Co-operators,Moody's Analytics,CAAT Pension Plan,Economical Insurance,RSM Canada,Ontario Teachers' Pension Plan
595,Intact Insurance,Munich Re,Swiss Re,The Co-operators,Royal and Sun Alliance (RSA),Canada Life,Manulife,Wawanesa Insurance,Economical Insurance,Deloitte,KPMG Canada,Desjardins,Northbridge Financial Corporation,PartnerRe,Foresters Financial
593,The Co-operators,Manulife,Desjardins,Canada Life,Ontario Teachers' Pension Plan,Wawanesa Insurance,Moody's Analytics,Intact Insurance,iA Financial Group,Foresters Financial,Economical Insurance,Echelon Insurance / CCG Group,Deloitte,CAAT Pension Plan,KPMG Canada
101,Wawanesa Insurance,Intact Insurance,Desjardins,Deloitte,Milliman,Munich Re,0,Manulife,iA Financial Group,Swiss Re,The Co-operators,Ontario Teachers' Pension Plan,KPMG Canada,PartnerRe,Canada Life
261,Moody's Analytics,Manulife,Desjardins,Swiss Re,Milliman,0,Wawanesa Insurance,RSM Canada,iA Financial Group,Ontario Teachers' Pension Plan,Deloitte,Canada Life,0,Northbridge Financial Corporation,Normandin Beaudry
285,Canada Life,Manulife,Intact Insurance,Desjardins,iA Financial Group,Munich Re,Deloitte,PartnerRe,The Co-operators,Royal and Sun Alliance (RSA),KPMG Canada,Mercer Canada,Ontario Teachers' Pension Plan,Echelon Insurance / CCG Group,Swiss Re
636,Normandin Beaudry,Desjardins,Echelon Insurance / CCG Group,Intact Insurance,Manulife,Mercer Canada,Milliman,The Co-operators,iA Financial Group,Royal and Sun Alliance (RSA),Northbridge Financial Corporation,Economical Insurance,KPMG Canada,Moody's Analytics,Deloitte
267,Intact Insurance,KPMG Canada,Munich Re,Manulife,Wawanesa Insurance,Deloitte,Swiss Re,Canada Life,Economical Insurance,Milliman,PartnerRe,Desjardins,Moody's Analytics,RSM Canada,iA Financial Group
538,Intact Insurance,Desjardins,iA Financial Group,Deloitte,Manulife,Echelon Insurance / CCG Group,Mercer Canada,Munich Re,Milliman,Northbridge Financial Corporation,KPMG Canada,Moody's Analytics,Canada Life,Economical Insurance,CAAT Pension Plan
259,Canada Life,Manulife,Deloitte,Desjardins,Intact Insurance,The Co-operators,Foresters Financial,Munich Re,Swiss Re,Mercer Canada,KPMG Canada,Economical Insurance,Normandin Beaudry,PartnerRe,Northbridge Financial Corporation
069,Canada Life,Intact Insurance,Desjardins,Manulife,Munich Re,PartnerRe,Wawanesa Insurance,The Co-operators,Deloitte,iA Financial Group,Mercer Canada,Swiss Re,RSM Canada,KPMG Canada,Ontario Teachers' Pension Plan
521,Canada Life,Wawanesa Insurance,Manulife,Swiss Re,Munich Re,iA Financial Group,Mercer Canada,Moody's Analytics,PartnerRe,Foresters Financial,Desjardins,Northbridge Financial Corporation,Intact Insurance,Milliman,The Co-operators
012,Canada Life,Intact Insurance,Manulife,Mercer Canada,Milliman,Munich Re,PartnerRe,Royal and Sun Alliance (RSA),RSM Canada,Swiss Re,Wawanesa Insurance,Deloitte,Desjardins,Economical Insurance,Foresters Financial
303,Canada Life,Manulife,Deloitte,Desjardins,Economical Insurance,Foresters Financial,KPMG Canada,Mercer Canada,The Co-operators,Wawanesa Insurance,Royal and Sun Alliance (RSA),RSM Canada,CAAT Pension Plan,Munich Re,PartnerRe
116,Milliman,Swiss Re,Munich Re,Manulife,Moody's Analytics,Intact Insurance,Deloitte,Wawanesa Insurance,PartnerRe,Canada Life,KPMG Canada,CAAT Pension Plan,Desjardins,Economical Insurance,iA Financial Group
143,Wawanesa Insurance,Swiss Re,Canada Life,Deloitte,CAAT Pension Plan,Echelon Insurance / CCG Group,Economical Insurance,Foresters Financial,iA Financial Group,Intact Insurance,KPMG Canada,Manulife,Mercer Canada,Milliman,Moody's Analytics
219,KPMG Canada,Deloitte,Manulife,Mercer Canada,Munich Re,PartnerRe,Swiss Re,Intact Insurance,Royal and Sun Alliance (RSA),iA Financial Group,Desjardins,Canada Life,RSM Canada,Northbridge Financial Corporation,Economical Insurance
123,Manulife,Deloitte,Economical Insurance,Foresters Financial,KPMG Canada,Mercer Canada,Munich Re,Northbridge Financial Corporation,PartnerRe,Swiss Re,Wawanesa Insurance,Moody's Analytics,iA Financial Group,Royal and Sun Alliance (RSA),Canada Life
061,Desjardins,Economical Insurance,Munich Re,Northbridge Financial Corporation,The Co-operators,Wawanesa Insurance,0,0,0,0,0,0,0,0,0
584,Canada Life,Intact Insurance,Manulife,Mercer Canada,Milliman,Moody's Analytics,Munich Re,Economical Insurance,PartnerRe,The Co-operators,Swiss Re,Desjardins,Deloitte,RSM Canada,Northbridge Financial Corporation
625,Mercer Canada,Manulife,KPMG Canada,Intact Insurance,The Co-operators,Wawanesa Insurance,Canada Life,Deloitte,Desjardins,Munich Re,Moody's Analytics,Ontario Teachers' Pension Plan,RSM Canada,CAAT Pension Plan,Swiss Re
336,Wawanesa Insurance,Desjardins,Deloitte,Canada Life,CAAT Pension Plan,Swiss Re,Ontario Teachers' Pension Plan,Munich Re,Mercer Canada,Manulife,iA Financial Group,Intact Insurance,Moody's Analytics,KPMG Canada,PartnerRe
070,Manulife,Munich Re,Swiss Re,Royal and Sun Alliance (RSA),Mercer Canada,Intact Insurance,Canada Life,Wawanesa Insurance,RSM Canada,Economical Insurance,Desjardins,Moody's Analytics,Northbridge Financial Corporation,Ontario Teachers' Pension Plan,Deloitte
149,Canada Life,Manulife,Moody's Analytics,Swiss Re,Desjardins,Intact Insurance,Deloitte,Munich Re,CAAT Pension Plan,Echelon Insurance / CCG Group,Economical Insurance,Foresters Financial,iA Financial Group,Mercer Canada,Milliman
112,Swiss Re,PartnerRe,Munich Re,Milliman,Manulife,Mercer Canada,Deloitte,Canada Life,Foresters Financial,iA Financial Group,KPMG Canada,Normandin Beaudry,The Co-operators,Wawanesa Insurance,CAAT Pension Plan
020,Intact Insurance,Wawanesa Insurance,Desjardins,Royal and Sun Alliance (RSA),Economical Insurance,The Co-operators,KPMG Canada,Deloitte,Milliman,Manulife,Canada Life,Swiss Re,Munich Re,Northbridge Financial Corporation,Mercer Canada
524,Intact Insurance,KPMG Canada,Manulife,Swiss Re,Wawanesa Insurance,Deloitte,Economical Insurance,Foresters Financial,Milliman,Moody's Analytics,Munich Re,Northbridge Financial Corporation,Normandin Beaudry,Ontario Teachers' Pension Plan,PartnerRe
326,Munich Re,Canada Life,Swiss Re,Manulife,PartnerRe,Milliman,Mercer Canada,Intact Insurance,Deloitte,KPMG Canada,CAAT Pension Plan,Economical Insurance,Ontario Teachers' Pension Plan,Foresters Financial,Echelon Insurance / CCG Group
243,Mercer Canada,Munich Re,Desjardins,Milliman,Manulife,Intact Insurance,Deloitte,KPMG Canada,Ontario Teachers' Pension Plan,Economical Insurance,Canada Life,The Co-operators,PartnerRe,Swiss Re,Royal and Sun Alliance (RSA)
498,CAAT Pension Plan,Mercer Canada,Canada Life,Deloitte,Wawanesa Insurance,Moody's Analytics,RSM Canada,KPMG Canada,Desjardins,Ontario Teachers' Pension Plan,Munich Re,PartnerRe,Swiss Re,The Co-operators,iA Financial Group
345,0,0,0,0,0,0,0,0,0,0,0,0,0,0,0
063,RSM Canada,Desjardins,Swiss Re,The Co-operators,Manulife,Economical Insurance,KPMG Canada,iA Financial Group,Wawanesa Insurance,Ontario Teachers' Pension Plan,Northbridge Financial Corporation,CAAT Pension Plan,Deloitte,Foresters Financial,PartnerRe
163,Swiss Re,Munich Re,Manulife,Deloitte,Mercer Canada,KPMG Canada,Royal and Sun Alliance (RSA),Canada Life,Intact Insurance,Wawanesa Insurance,PartnerRe,Economical Insurance,Desjardins,Milliman,iA Financial Group
223,Intact Insurance,Munich Re,Manulife,Normandin Beaudry,Swiss Re,Mercer Canada,Deloitte,Desjardins,iA Financial Group,PartnerRe,Economical Insurance,Echelon Insurance / CCG Group,Wawanesa Insurance,Canada Life,KPMG Canada
348,Desjardins,Intact Insurance,Manulife,Swiss Re,Munich Re,Normandin Beaudry,Mercer Canada,KPMG Canada,Deloitte,Echelon Insurance / CCG Group,Economical Insurance,PartnerRe,RSM Canada,Moody's Analytics,The Co-operators
385,Foresters Financial,PartnerRe,Munich Re,Swiss Re,Northbridge Financial Corporation,iA Financial Group,KPMG Canada,Wawanesa Insurance,Manulife,Intact Insurance,Canada Life,The Co-operators,Mercer Canada,CAAT Pension Plan,Normandin Beaudry
466,Milliman,Deloitte,Mercer Canada,Munich Re,Intact Insurance,Swiss Re,KPMG Canada,PartnerRe,Ontario Teachers' Pension Plan,Desjardins,Royal and Sun Alliance (RSA),RSM Canada,Moody's Analytics,Economical Insurance,CAAT Pension Plan
205,Economical Insurance,KPMG Canada,Wawanesa Insurance,Deloitte,Desjardins,Intact Insurance,Manulife,Canada Life,Mercer Canada,Munich Re,Ontario Teachers' Pension Plan,PartnerRe,Royal and Sun Alliance (RSA),Swiss Re,The Co-operators
121,Royal and Sun Alliance (RSA),Intact Insurance,Wawanesa Insurance,Desjardins,Echelon Insurance / CCG Group,Economical Insurance,KPMG Canada,CAAT Pension Plan,Canada Life,Deloitte,Mercer Canada,Milliman,Northbridge Financial Corporation,Ontario Teachers' Pension Plan,RSM Canada
433,Canada Life,PartnerRe,Manulife,Desjardins,Ontario Teachers' Pension Plan,Foresters Financial,Economical Insurance,CAAT Pension Plan,Munich Re,Mercer Canada,Deloitte,Milliman,Northbridge Financial Corporation,Normandin Beaudry,RSM Canada
621,Canada Life,Manulife,Swiss Re,CAAT Pension Plan,Economical Insurance,Foresters Financial,Intact Insurance,Mercer Canada,Milliman,Moody's Analytics,PartnerRe,Munich Re,Northbridge Financial Corporation,Wawanesa Insurance,Deloitte
543,Intact Insurance,KPMG Canada,Manulife,Swiss Re,Munich Re,Northbridge Financial Corporation,Foresters Financial,Desjardins,Canada Life,CAAT Pension Plan,Deloitte,Mercer Canada,Ontario Teachers' Pension Plan,The Co-operators,Normandin Beaudry
171,Intact Insurance,Canada Life,Wawanesa Insurance,Deloitte,Manulife,Munich Re,Swiss Re,KPMG Canada,Desjardins,iA Financial Group,Mercer Canada,Northbridge Financial Corporation,PartnerRe,Milliman,Moody's Analytics
703,iA Financial Group,Mercer Canada,Deloitte,0,PartnerRe,CAAT Pension Plan,Canada Life,Desjardins,Manulife,Munich Re,The Co-operators,Economical Insurance,Foresters Financial,Intact Insurance,RSM Canada
168,Mercer Canada,Manulife,CAAT Pension Plan,Canada Life,Deloitte,Desjardins,PartnerRe,iA Financial Group,Economical Insurance,Intact Insurance,Foresters Financial,RSM Canada,Moody's Analytics,Royal and Sun Alliance (RSA),The Co-operators
358,Normandin Beaudry,Intact Insurance,Desjardins,Economical Insurance,Manulife,Deloitte,Munich Re,KPMG Canada,RSM Canada,Royal and Sun Alliance (RSA),0,0,0,0,0
185,Economical Insurance,Intact Insurance,Manulife,Mercer Canada,Ontario Teachers' Pension Plan,Swiss Re,Wawanesa Insurance,Deloitte,Desjardins,Canada Life,Foresters Financial,Munich Re,Echelon Insurance / CCG Group,Moody's Analytics,KPMG Canada
520,Manulife,Economical Insurance,Canada Life,Desjardins,Intact Insurance,The Co-operators,Northbridge Financial Corporation,Royal and Sun Alliance (RSA),Mercer Canada,Foresters Financial,Deloitte,Munich Re,Swiss Re,PartnerRe,RSM Canada
277,Munich Re,Swiss Re,Deloitte,Intact Insurance,Desjardins,KPMG Canada,Manulife,Mercer Canada,PartnerRe,Royal and Sun Alliance (RSA),RSM Canada,The Co-operators,iA Financial Group,Foresters Financial,Economical Insurance
372,Deloitte,KPMG Canada,Mercer Canada,Manulife,Intact Insurance,iA Financial Group,Echelon Insurance / CCG Group,Economical Insurance,Munich Re,Moody's Analytics,Normandin Beaudry,The Co-operators,Desjardins,Canada Life,CAAT Pension Plan
365,Manulife,Canada Life,iA Financial Group,Desjardins,Mercer Canada,Munich Re,Normandin Beaudry,Intact Insurance,Deloitte,KPMG Canada,Royal and Sun Alliance (RSA),CAAT Pension Plan,Foresters Financial,Swiss Re,Northbridge Financial Corporation
603,iA Financial Group,Manulife,Economical Insurance,Desjardins,Wawanesa Insurance,Northbridge Financial Corporation,Canada Life,Intact Insurance,Royal and Sun Alliance (RSA),CAAT Pension Plan,Echelon Insurance / CCG Group,Deloitte,Foresters Financial,KPMG Canada,RSM Canada
629,Intact Insurance,Munich Re,0,Normandin Beaudry,Swiss Re,Wawanesa Insurance,Deloitte,Desjardins,Canada Life,Milliman,Manulife,iA Financial Group,Economical Insurance,Mercer Canada,PartnerRe
637,Royal and Sun Alliance (RSA),KPMG Canada,iA Financial Group,Desjardins,Deloitte,Normandin Beaudry,Milliman,Mercer Canada,Intact Insurance,PartnerRe,Swiss Re,CAAT Pension Plan,Moody's Analytics,Foresters Financial,Manulife
368,Manulife,Canada Life,Intact Insurance,Royal and Sun Alliance (RSA),Desjardins,KPMG Canada,The Co-operators,Northbridge Financial Corporation,Moody's Analytics,Milliman,iA Financial Group,Economical Insurance,Foresters Financial,Mercer Canada,Normandin Beaudry
011,0,0,0,0,0,0,0,0,0,0,0,0,0,0,0
634,Swiss Re,Munich Re,PartnerRe,Deloitte,Moody's Analytics,Mercer Canada,Intact Insurance,KPMG Canada,Canada Life,Manulife,The Co-operators,iA Financial Group,Wawanesa Insurance,Northbridge Financial Corporation,Desjardins
041,Intact Insurance,Economical Insurance,Munich Re,Desjardins,Swiss Re,Royal and Sun Alliance (RSA),PartnerRe,Northbridge Financial Corporation,The Co-operators,Milliman,KPMG Canada,Mercer Canada,Canada Life,Deloitte,Manulife
139,Deloitte,Canada Life,Munich Re,Ontario Teachers' Pension Plan,Swiss Re,The Co-operators,Wawanesa Insurance,Royal and Sun Alliance (RSA),Desjardins,Normandin Beaudry,Moody's Analytics,Milliman,Mercer Canada,Manulife,PartnerRe
182,Canada Life,KPMG Canada,Manulife,Deloitte,Desjardins,CAAT Pension Plan,Echelon Insurance / CCG Group,Economical Insurance,Foresters Financial,iA Financial Group,Intact Insurance,Mercer Canada,Milliman,Moody's Analytics,Munich Re
122,Deloitte,KPMG Canada,Mercer Canada,Desjardins,Wawanesa Insurance,0,0,0,0,0,0,0,Milliman,Manulife,Intact Insurance
406,Deloitte,KPMG Canada,Intact Insurance,Desjardins,Munich Re,Northbridge Financial Corporation,Economical Insurance,The Co-operators,Wawanesa Insurance,Milliman,Manulife,Mercer Canada,Foresters Financial,0,0
177,Manulife,Munich Re,Deloitte,Desjardins,Canada Life,KPMG Canada,Swiss Re,PartnerRe,Intact Insurance,iA Financial Group,Mercer Canada,Moody's Analytics,Royal and Sun Alliance (RSA),RSM Canada,Wawanesa Insurance
576,Economical Insurance,PartnerRe,Desjardins,Deloitte,Munich Re,KPMG Canada,Wawanesa Insurance,Swiss Re,Manulife,Mercer Canada,0,Foresters Financial,Ontario Teachers' Pension Plan,Intact Insurance,CAAT Pension Plan
225,Manulife,KPMG Canada,Deloitte,Canada Life,Desjardins,Intact Insurance,iA Financial Group,Foresters Financial,Economical Insurance,Echelon Insurance / CCG Group,Northbridge Financial Corporation,Royal and Sun Alliance (RSA),RSM Canada,Wawanesa Insurance,Ontario Teachers' Pension Plan
451,Mercer Canada,Normandin Beaudry,Deloitte,KPMG Canada,RSM Canada,Swiss Re,PartnerRe,Ontario Teachers' Pension Plan,CAAT Pension Plan,Munich Re,Intact Insurance,Desjardins,iA Financial Group,Northbridge Financial Corporation,The Co-operators
546,Manulife,Milliman,Intact Insurance,Munich Re,Deloitte,Moody's Analytics,PartnerRe,Swiss Re,Economical Insurance,The Co-operators,Foresters Financial,Ontario Teachers' Pension Plan,Canada Life,iA Financial Group,Mercer Canada
653,Manulife,Wawanesa Insurance,Mercer Canada,Deloitte,Economical Insurance,iA Financial Group,Intact Insurance,The Co-operators,Royal and Sun Alliance (RSA),KPMG Canada,CAAT Pension Plan,Swiss Re,Milliman,Munich Re,Normandin Beaudry
592,Mercer Canada,Deloitte,Canada Life,PartnerRe,0,0,0,0,0,0,0,0,0,0,0
002,iA Financial Group,CAAT Pension Plan,Ontario Teachers' Pension Plan,KPMG Canada,Deloitte,Economical Insurance,Moody's Analytics,Foresters Financial,Mercer Canada,Manulife,Canada Life,Munich Re,PartnerRe,Royal and Sun Alliance (RSA),RSM Canada
044,Mercer Canada,iA Financial Group,Normandin Beaudry,Deloitte,Desjardins,0,0,0,0,0,0,0,0,0,0
313,Swiss Re,Munich Re,Deloitte,Manulife,KPMG Canada,Intact Insurance,Royal and Sun Alliance (RSA),PartnerRe,Ontario Teachers' Pension Plan,Wawanesa Insurance,Normandin Beaudry,Foresters Financial,Canada Life,Economical Insurance,iA Financial Group
072,Wawanesa Insurance,Intact Insurance,Northbridge Financial Corporation,Echelon Insurance / CCG Group,RSM Canada,Manulife,Deloitte,Canada Life,KPMG Canada,Mercer Canada,Normandin Beaudry,Milliman,Munich Re,PartnerRe,Swiss Re
332,Deloitte,Mercer Canada,Munich Re,Swiss Re,Manulife,Canada Life,PartnerRe,Intact Insurance,Desjardins,Ontario Teachers' Pension Plan,KPMG Canada,CAAT Pension Plan,Economical Insurance,Foresters Financial,iA Financial Group
193,Mercer Canada,Intact Insurance,Manulife,Normandin Beaudry,iA Financial Group,KPMG Canada,Munich Re,0,0,0,0,0,0,0,The Co-operators
374,Mercer Canada,Deloitte,Intact Insurance,Munich Re,Ontario Teachers' Pension Plan,CAAT Pension Plan,KPMG Canada,Manulife,Swiss Re,Desjardins,RSM Canada,Foresters Financial,The Co-operators,Wawanesa Insurance,Milliman
482,Moody's Analytics,Deloitte,KPMG Canada,Mercer Canada,Swiss Re,iA Financial Group,Ontario Teachers' Pension Plan,PartnerRe,Desjardins,Intact Insurance,Northbridge Financial Corporation,The Co-operators,Manulife,Milliman,Normandin Beaudry
043,Canada Life,Swiss Re,Munich Re,Manulife,Mercer Canada,Deloitte,Ontario Teachers' Pension Plan,Milliman,0,0,0,0,0,0,0
446,Mercer Canada,KPMG Canada,Normandin Beaudry,RSM Canada,Milliman,CAAT Pension Plan,Ontario Teachers' Pension Plan,Canada Life,Manulife,Foresters Financial,iA Financial Group,Northbridge Financial Corporation,PartnerRe,Royal and Sun Alliance (RSA),Swiss Re
651,Royal and Sun Alliance (RSA),Wawanesa Insurance,Manulife,Moody's Analytics,Canada Life,Intact Insurance,Foresters Financial,Swiss Re,Munich Re,Economical Insurance,PartnerRe,Northbridge Financial Corporation,The Co-operators,CAAT Pension Plan,Ontario Teachers' Pension Plan
214,Manulife,Wawanesa Insurance,Swiss Re,Munich Re,Deloitte,Canada Life,Economical Insurance,PartnerRe,0,Royal and Sun Alliance (RSA),iA Financial Group,Echelon Insurance / CCG Group,Desjardins,CAAT Pension Plan,Normandin Beaudry
424,Canada Life,Intact Insurance,iA Financial Group,Foresters Financial,Manulife,Desjardins,Mercer Canada,Munich Re,PartnerRe,Northbridge Financial Corporation,Swiss Re,Wawanesa Insurance,Royal and Sun Alliance (RSA),Echelon Insurance / CCG Group,Economical Insurance
397,Deloitte,Desjardins,Manulife,Intact Insurance,Canada Life,Echelon Insurance / CCG Group,Foresters Financial,Economical Insurance,Munich Re,Moody's Analytics,Northbridge Financial Corporation,Ontario Teachers' Pension Plan,Royal and Sun Alliance (RSA),Swiss Re,The Co-operators
596,Manulife,Foresters Financial,iA Financial Group,Deloitte,Canada Life,Wawanesa Insurance,Munich Re,KPMG Canada,Intact Insurance,Economical Insurance,Desjardins,Mercer Canada,Swiss Re,Milliman,RSM Canada
010,Deloitte,KPMG Canada,Intact Insurance,Normandin Beaudry,Wawanesa Insurance,Moody's Analytics,Milliman,0,0,0,0,0,0,0,0
393,Intact Insurance,Desjardins,Economical Insurance,Canada Life,Manulife,Mercer Canada,iA Financial Group,Echelon Insurance / CCG Group,Deloitte,Milliman,Moody's Analytics,RSM Canada,CAAT Pension Plan,Northbridge Financial Corporation,KPMG Canada
605,Swiss Re,Wawanesa Insurance,Intact Insurance,Deloitte,Northbridge Financial Corporation,Mercer Canada,KPMG Canada,Manulife,Canada Life,Moody's Analytics,iA Financial Group,Economical Insurance,CAAT Pension Plan,Munich Re,Ontario Teachers' Pension Plan
097,Deloitte,Manulife,Milliman,Munich Re,Intact Insurance,KPMG Canada,Swiss Re,PartnerRe,Wawanesa Insurance,Mercer Canada,Economical Insurance,Canada Life,Desjardins,RSM Canada,The Co-operators
351,Deloitte,Desjardins,Canada Life,Intact Insurance,KPMG Canada,Manulife,Economical Insurance,CAAT Pension Plan,Echelon Insurance / CCG Group,Wawanesa Insurance,Swiss Re,RSM Canada,Royal and Sun Alliance (RSA),PartnerRe,Ontario Teachers' Pension Plan
333,Swiss Re,Munich Re,PartnerRe,Deloitte,Intact Insurance,KPMG Canada,Milliman,Mercer Canada,Normandin Beaudry,Royal and Sun Alliance (RSA),0,0,0,0,0
﻿00,Milliman,Ontario Teachers' Pension Plan,CAAT Pension Plan,Normandin Beaudry,Swiss Re,Munich Re,iA Financial Group,Northbridge Financial Corporation,PartnerRe,Mercer Canada,Moody's Analytics,KPMG Canada,Deloitte,Foresters Financial,Canada Life
325,Canada Life,Desjardins,Manulife,Intact Insurance,Foresters Financial,Economical Insurance,Wawanesa Insurance,Ontario Teachers' Pension Plan,PartnerRe,Milliman,Mercer Canada,KPMG Canada,Deloitte,CAAT Pension Plan,The Co-operators
710,Swiss Re,Intact Insurance,Mercer Canada,Royal and Sun Alliance (RSA),Economical Insurance,Desjardins,iA Financial Group,Deloitte,Munich Re,The Co-operators,Wawanesa Insurance,Manulife,0,0,Canada Life
092,Desjardins,Intact Insurance,Munich Re,The Co-operators,Deloitte,Economical Insurance,iA Financial Group,PartnerRe,Swiss Re,0,0,0,0,0,0
295,Desjardins,Intact Insurance,Normandin Beaudry,Mercer Canada,iA Financial Group,0,0,0,0,0,0,0,0,0,0
399,Canada Life,Manulife,Economical Insurance,Munich Re,0,Mercer Canada,Deloitte,Desjardins,Intact Insurance,Swiss Re,Ontario Teachers' Pension Plan,Wawanesa Insurance,CAAT Pension Plan,Echelon Insurance / CCG Group,Milliman
173,Intact Insurance,Swiss Re,Mercer Canada,KPMG Canada,Manulife,Canada Life,Munich Re,Milliman,Moody's Analytics,Northbridge Financial Corporation,RSM Canada,Foresters Financial,Deloitte,Normandin Beaudry,PartnerRe
499,Mercer Canada,Manulife,Wawanesa Insurance,Economical Insurance,Deloitte,iA Financial Group,The Co-operators,Intact Insurance,Royal and Sun Alliance (RSA),KPMG Canada,CAAT Pension Plan,Swiss Re,Milliman,Munich Re,Normandin Beaudry
103,Wawanesa Insurance,Manulife,Intact Insurance,Mercer Canada,Swiss Re,iA Financial Group,Foresters Financial,Echelon Insurance / CCG Group,Desjardins,Deloitte,Munich Re,Ontario Teachers' Pension Plan,PartnerRe,Economical Insurance,RSM Canada
529,Manulife,Munich Re,Swiss Re,Deloitte,Desjardins,Intact Insurance,Canada Life,KPMG Canada,PartnerRe,Wawanesa Insurance,Economical Insurance,Royal and Sun Alliance (RSA),Foresters Financial,Echelon Insurance / CCG Group,CAAT Pension Plan
181,Desjardins,Intact Insurance,Manulife,Munich Re,Swiss Re,PartnerRe,Canada Life,Ontario Teachers' Pension Plan,Deloitte,The Co-operators,Economical Insurance,Foresters Financial,Royal and Sun Alliance (RSA),KPMG Canada,Northbridge Financial Corporation
196,Deloitte,Mercer Canada,KPMG Canada,PartnerRe,Munich Re,Swiss Re,RSM Canada,Desjardins,Milliman,Moody's Analytics,iA Financial Group,Intact Insurance,Canada Life,Ontario Teachers' Pension Plan,Northbridge Financial Corporation
242,Manulife,Canada Life,KPMG Canada,Wawanesa Insurance,Swiss Re,PartnerRe,Northbridge Financial Corporation,Munich Re,Ontario Teachers' Pension Plan,RSM Canada,CAAT Pension Plan,Deloitte,Economical Insurance,iA Financial Group,Intact Insurance
158,Mercer Canada,iA Financial Group,Wawanesa Insurance,Desjardins,Deloitte,Manulife,Canada Life,PartnerRe,Swiss Re,Munich Re,Intact Insurance,Foresters Financial,Echelon Insurance / CCG Group,Economical Insurance,CAAT Pension Plan
484,Canada Life,Manulife,KPMG Canada,Deloitte,Munich Re,Swiss Re,Mercer Canada,Ontario Teachers' Pension Plan,PartnerRe,RSM Canada,0,Echelon Insurance / CCG Group,0,0,0
090,Canada Life,Munich Re,Wawanesa Insurance,Manulife,Deloitte,Ontario Teachers' Pension Plan,Intact Insurance,KPMG Canada,iA Financial Group,Swiss Re,Mercer Canada,Moody's Analytics,Northbridge Financial Corporation,Normandin Beaudry,CAAT Pension Plan
443,Canada Life,Manulife,iA Financial Group,Deloitte,KPMG Canada,Desjardins,Munich Re,Swiss Re,Intact Insurance,Milliman,CAAT Pension Plan,Economical Insurance,Ontario Teachers' Pension Plan,Wawanesa Insurance,PartnerRe
541,Manulife,Canada Life,KPMG Canada,Swiss Re,Munich Re,Deloitte,Intact Insurance,Desjardins,The Co-operators,Wawanesa Insurance,Moody's Analytics,Milliman,iA Financial Group,Ontario Teachers' Pension Plan,Northbridge Financial Corporation
555,KPMG Canada,Munich Re,Manulife,Deloitte,Intact Insurance,Desjardins,Mercer Canada,Northbridge Financial Corporation,Canada Life,RSM Canada,Swiss Re,Wawanesa Insurance,iA Financial Group,Foresters Financial,PartnerRe
124,Moody's Analytics,Manulife,Canada Life,Foresters Financial,iA Financial Group,Mercer Canada,Desjardins,Swiss Re,Munich Re,Milliman,Deloitte,PartnerRe,Echelon Insurance / CCG Group,Normandin Beaudry,The Co-operators
035,Deloitte,Milliman,KPMG Canada,Royal and Sun Alliance (RSA),Munich Re,RSM Canada,Wawanesa Insurance,Echelon Insurance / CCG Group,Economical Insurance,iA Financial Group,0,0,0,0,0
431,Intact Insurance,Swiss Re,Deloitte,Munich Re,Milliman,KPMG Canada,Moody's Analytics,iA Financial Group,Manulife,Northbridge Financial Corporation,Royal and Sun Alliance (RSA),PartnerRe,Normandin Beaudry,Economical Insurance,Desjardins
086,Swiss Re,Munich Re,Manulife,Intact Insurance,Deloitte,Wawanesa Insurance,Mercer Canada,Canada Life,CAAT Pension Plan,KPMG Canada,Royal and Sun Alliance (RSA),iA Financial Group,Desjardins,Ontario Teachers' Pension Plan,Moody's Analytics
145,Deloitte,Intact Insurance,Swiss Re,Munich Re,Desjardins,Northbridge Financial Corporation,Manulife,Moody's Analytics,iA Financial Group,Canada Life,CAAT Pension Plan,Ontario Teachers' Pension Plan,RSM Canada,Wawanesa Insurance,The Co-operators
502,Moody's Analytics,Munich Re,Swiss Re,Deloitte,Ontario Teachers' Pension Plan,Manulife,KPMG Canada,Canada Life,Intact Insurance,Echelon Insurance / CCG Group,Normandin Beaudry,iA Financial Group,Royal and Sun Alliance (RSA),Northbridge Financial Corporation,RSM Canada
264,Manulife,Desjardins,Canada Life,Intact Insurance,Wawanesa Insurance,Swiss Re,RSM Canada,Royal and Sun Alliance (RSA),Munich Re,Deloitte,Economical Insurance,Foresters Financial,iA Financial Group,KPMG Canada,Moody's Analytics
218,Wawanesa Insurance,Intact Insurance,Canada Life,Desjardins,Moody's Analytics,Munich Re,Manulife,Swiss Re,CAAT Pension Plan,Deloitte,Echelon Insurance / CCG Group,Economical Insurance,Foresters Financial,iA Financial Group,KPMG Canada
457,Munich Re,Manulife,Deloitte,Desjardins,Canada Life,KPMG Canada,Mercer Canada,Milliman,The Co-operators,Intact Insurance,Ontario Teachers' Pension Plan,CAAT Pension Plan,Echelon Insurance / CCG Group,Economical Insurance,Royal and Sun Alliance (RSA)
349,Intact Insurance,Royal and Sun Alliance (RSA),Deloitte,Manulife,Canada Life,0,0,0,0,0,0,0,0,0,0
096,Manulife,Swiss Re,Munich Re,Milliman,KPMG Canada,Deloitte,PartnerRe,Canada Life,iA Financial Group,Desjardins,Moody's Analytics,The Co-operators,RSM Canada,Mercer Canada,CAAT Pension Plan
255,Canada Life,Mercer Canada,Manulife,Desjardins,Deloitte,Munich Re,Ontario Teachers' Pension Plan,Swiss Re,Royal and Sun Alliance (RSA),PartnerRe,Echelon Insurance / CCG Group,Economical Insurance,Intact Insurance,iA Financial Group,CAAT Pension Plan
378,Ontario Teachers' Pension Plan,0,0,0,0,0,0,0,0,0,0,0,Deloitte,KPMG Canada,RSM Canada
631,Desjardins,Manulife,Intact Insurance,Deloitte,iA Financial Group,Normandin Beaudry,Mercer Canada,Echelon Insurance / CCG Group,KPMG Canada,Munich Re,CAAT Pension Plan,Canada Life,Royal and Sun Alliance (RSA),PartnerRe,RSM Canada
089,Deloitte,KPMG Canada,Intact Insurance,Manulife,iA Financial Group,Canada Life,Foresters Financial,CAAT Pension Plan,Economical Insurance,Echelon Insurance / CCG Group,RSM Canada,The Co-operators,Northbridge Financial Corporation,Royal and Sun Alliance (RSA),Moody's Analytics
045,Intact Insurance,Economical Insurance,Deloitte,KPMG Canada,Wawanesa Insurance,The Co-operators,iA Financial Group,Mercer Canada,Northbridge Financial Corporation,Echelon Insurance / CCG Group,CAAT Pension Plan,Royal and Sun Alliance (RSA),RSM Canada,Munich Re,Canada Life
323,Manulife,Munich Re,Moody's Analytics,Mercer Canada,Swiss Re,iA Financial Group,Canada Life,The Co-operators,Wawanesa Insurance,Milliman,Ontario Teachers' Pension Plan,Desjardins,Echelon Insurance / CCG Group,Foresters Financial,CAAT Pension Plan
269,Canada Life,Manulife,Economical Insurance,Intact Insurance,The Co-operators,Foresters Financial,Echelon Insurance / CCG Group,Northbridge Financial Corporation,Swiss Re,Munich Re,Royal and Sun Alliance (RSA),RSM Canada,Mercer Canada,Moody's Analytics,Ontario Teachers' Pension Plan
202,Wawanesa Insurance,The Co-operators,Economical Insurance,Desjardins,Intact Insurance,0,0,0,0,0,0,0,0,0,0
108,Canada Life,Deloitte,Desjardins,iA Financial Group,Intact Insurance,Manulife,Mercer Canada,Munich Re,Wawanesa Insurance,Echelon Insurance / CCG Group,Milliman,Normandin Beaudry,RSM Canada,KPMG Canada,CAAT Pension Plan
414,Swiss Re,Munich Re,Manulife,Economical Insurance,Deloitte,Canada Life,CAAT Pension Plan,Wawanesa Insurance,Royal and Sun Alliance (RSA),Echelon Insurance / CCG Group,RSM Canada,Intact Insurance,Normandin Beaudry,Milliman,Foresters Financial
037,Canada Life,KPMG Canada,Desjardins,Manulife,Mercer Canada,Deloitte,Moody's Analytics,Munich Re,Intact Insurance,iA Financial Group,PartnerRe,Royal and Sun Alliance (RSA),RSM Canada,Swiss Re,The Co-operators
138,Ontario Teachers' Pension Plan,CAAT Pension Plan,Mercer Canada,KPMG Canada,Canada Life,Normandin Beaudry,Deloitte,Manulife,iA Financial Group,Swiss Re,Wawanesa Insurance,Foresters Financial,Milliman,Desjardins,Intact Insurance
342,Deloitte,KPMG Canada,Milliman,Munich Re,Echelon Insurance / CCG Group,Intact Insurance,Manulife,Economical Insurance,Moody's Analytics,Canada Life,The Co-operators,PartnerRe,Mercer Canada,Foresters Financial,Northbridge Financial Corporation
612,Intact Insurance,Wawanesa Insurance,Manulife,KPMG Canada,Economical Insurance,Desjardins,Deloitte,Foresters Financial,Mercer Canada,Munich Re,Northbridge Financial Corporation,Swiss Re,RSM Canada,CAAT Pension Plan,Moody's Analytics
095,KPMG Canada,Deloitte,Royal and Sun Alliance (RSA),RSM Canada,Intact Insurance,Milliman,Manulife,PartnerRe,Desjardins,Swiss Re,Munich Re,iA Financial Group,Foresters Financial,Echelon Insurance / CCG Group,Wawanesa Insurance
212,Intact Insurance,iA Financial Group,Desjardins,Deloitte,Normandin Beaudry,Manulife,KPMG Canada,Munich Re,Swiss Re,Economical Insurance,Mercer Canada,Milliman,Canada Life,PartnerRe,Echelon Insurance / CCG Group
469,Normandin Beaudry,Desjardins,Intact Insurance,iA Financial Group,Mercer Canada,Manulife,Milliman,The Co-operators,KPMG Canada,Moody's Analytics,Echelon Insurance / CCG Group,Economical Insurance,Northbridge Financial Corporation,Royal and Sun Alliance (RSA),Canada Life
115,Canada Life,Manulife,Intact Insurance,KPMG Canada,Moody's Analytics,Swiss Re,RSM Canada,Ontario Teachers' Pension Plan,Munich Re,Foresters Financial,Desjardins,Milliman,Normandin Beaudry,The Co-operators,Wawanesa Insurance
391,Manulife,Munich Re,Deloitte,Canada Life,Wawanesa Insurance,Mercer Canada,RSM Canada,KPMG Canada,Milliman,Swiss Re,PartnerRe,Desjardins,Foresters Financial,iA Financial Group,CAAT Pension Plan
407,Milliman,Deloitte,KPMG Canada,RSM Canada,Swiss Re,Mercer Canada,Manulife,Moody's Analytics,Canada Life,iA Financial Group,Desjardins,0,0,0,0
244,Canada Life,Manulife,Wawanesa Insurance,KPMG Canada,Swiss Re,Intact Insurance,Deloitte,Economical Insurance,Desjardins,Foresters Financial,Northbridge Financial Corporation,iA Financial Group,Mercer Canada,Milliman,PartnerRe
049,Canada Life,Ontario Teachers' Pension Plan,CAAT Pension Plan,Wawanesa Insurance,PartnerRe,Munich Re,Royal and Sun Alliance (RSA),Moody's Analytics,Milliman,Mercer Canada,Echelon Insurance / CCG Group,Economical Insurance,Normandin Beaudry,Foresters Financial,Manulife
260,Milliman,Desjardins,Munich Re,KPMG Canada,Mercer Canada,iA Financial Group,Northbridge Financial Corporation,Ontario Teachers' Pension Plan,Swiss Re,Royal and Sun Alliance (RSA),PartnerRe,Moody's Analytics,Wawanesa Insurance,The Co-operators,Manulife
362,Intact Insurance,Desjardins,Deloitte,Royal and Sun Alliance (RSA),Economical Insurance,Milliman,iA Financial Group,KPMG Canada,Mercer Canada,Moody's Analytics,Munich Re,Northbridge Financial Corporation,Swiss Re,Normandin Beaudry,Wawanesa Insurance
641,Intact Insurance,Manulife,The Co-operators,Desjardins,Royal and Sun Alliance (RSA),iA Financial Group,KPMG Canada,Deloitte,Normandin Beaudry,Swiss Re,Mercer Canada,Wawanesa Insurance,0,0,0
007,Intact Insurance,Wawanesa Insurance,Desjardins,Economical Insurance,Deloitte,Canada Life,Mercer Canada,Munich Re,Swiss Re,Royal and Sun Alliance (RSA),CAAT Pension Plan,Foresters Financial,KPMG Canada,Manulife,Milliman
577,Canada Life,Manulife,Moody's Analytics,Desjardins,Ontario Teachers' Pension Plan,iA Financial Group,Munich Re,Swiss Re,Intact Insurance,Deloitte,PartnerRe,The Co-operators,RSM Canada,Wawanesa Insurance,Foresters Financial
019,Canada Life,Manulife,Desjardins,Deloitte,iA Financial Group,Intact Insurance,Moody's Analytics,Munich Re,0,0,0,0,0,0,0
221,iA Financial Group,Intact Insurance,Desjardins,The Co-operators,Mercer Canada,Deloitte,KPMG Canada,Normandin Beaudry,Munich Re,Swiss Re,Wawanesa Insurance,Economical Insurance,Canada Life,PartnerRe,Ontario Teachers' Pension Plan
250,Canada Life,CAAT Pension Plan,Desjardins,Echelon Insurance / CCG Group,Economical Insurance,Foresters Financial,Manulife,Ontario Teachers' Pension Plan,Royal and Sun Alliance (RSA),Wawanesa Insurance,The Co-operators,Swiss Re,RSM Canada,PartnerRe,Normandin Beaudry
562,Intact Insurance,Desjardins,Echelon Insurance / CCG Group,The Co-operators,iA Financial Group,KPMG Canada,Deloitte,Wawanesa Insurance,CAAT Pension Plan,Canada Life,Economical Insurance,Foresters Financial,Manulife,Mercer Canada,Normandin Beaudry
430,The Co-operators,Echelon Insurance / CCG Group,Economical Insurance,iA Financial Group,Foresters Financial,Mercer Canada,Northbridge Financial Corporation,Wawanesa Insurance,Ontario Teachers' Pension Plan,Canada Life,Normandin Beaudry,Royal and Sun Alliance (RSA),Intact Insurance,KPMG Canada,RSM Canada
599,Manulife,iA Financial Group,Deloitte,Canada Life,Economical Insurance,CAAT Pension Plan,Intact Insurance,Milliman,Munich Re,Wawanesa Insurance,Swiss Re,PartnerRe,Royal and Sun Alliance (RSA),RSM Canada,Desjardins
516,Deloitte,KPMG Canada,Mercer Canada,Moody's Analytics,Milliman,Canada Life,iA Financial Group,Manulife,Munich Re,Royal and Sun Alliance (RSA),PartnerRe,Intact Insurance,Economical Insurance,Foresters Financial,Swiss Re
441,Manulife,Munich Re,Swiss Re,Intact Insurance,Canada Life,PartnerRe,Foresters Financial,Deloitte,Desjardins,KPMG Canada,Milliman,Economical Insurance,Northbridge Financial Corporation,RSM Canada,Wawanesa Insurance
256,Deloitte,Munich Re,Manulife,Desjardins,Mercer Canada,iA Financial Group,Ontario Teachers' Pension Plan,0,0,0,0,0,0,0,0
532,Manulife,Canada Life,Royal and Sun Alliance (RSA),CAAT Pension Plan,Deloitte,KPMG Canada,Munich Re,Economical Insurance,RSM Canada,Echelon Insurance / CCG Group,Ontario Teachers' Pension Plan,Swiss Re,Mercer Canada,Wawanesa Insurance,The Co-operators
014,Canada Life,Intact Insurance,Wawanesa Insurance,Ontario Teachers' Pension Plan,Desjardins,Swiss Re,The Co-operators,Manulife,Economical Insurance,Northbridge Financial Corporation,Royal and Sun Alliance (RSA),CAAT Pension Plan,iA Financial Group,Foresters Financial,Deloitte
514,Manulife,Royal and Sun Alliance (RSA),Deloitte,Canada Life,0,Intact Insurance,Wawanesa Insurance,KPMG Canada,Desjardins,Echelon Insurance / CCG Group,Economical Insurance,Foresters Financial,Moody's Analytics,RSM Canada,The Co-operators
452,Moody's Analytics,Manulife,Intact Insurance,Ontario Teachers' Pension Plan,Royal and Sun Alliance (RSA),Milliman,KPMG Canada,iA Financial Group,Canada Life,CAAT Pension Plan,Swiss Re,Wawanesa Insurance,Munich Re,Mercer Canada,Foresters Financial
489,Economical Insurance,Intact Insurance,The Co-operators,Wawanesa Insurance,PartnerRe,Royal and Sun Alliance (RSA),Swiss Re,Northbridge Financial Corporation,Desjardins,Canada Life,Munich Re,Manulife,Foresters Financial,Deloitte,Milliman
418,Canada Life,Manulife,Deloitte,Desjardins,CAAT Pension Plan,iA Financial Group,Ontario Teachers' Pension Plan,Swiss Re,Echelon Insurance / CCG Group,Economical Insurance,Foresters Financial,Intact Insurance,KPMG Canada,Mercer Canada,Milliman
113,Desjardins,Wawanesa Insurance,Manulife,Canada Life,Royal and Sun Alliance (RSA),The Co-operators,Northbridge Financial Corporation,iA Financial Group,0,RSM Canada,Intact Insurance,Munich Re,Swiss Re,PartnerRe,Mercer Canada
649,Manulife,Desjardins,Normandin Beaudry,Intact Insurance,Deloitte,Milliman,Munich Re,Ontario Teachers' Pension Plan,Swiss Re,Mercer Canada,iA Financial Group,Echelon Insurance / CCG Group,Canada Life,KPMG Canada,Economical Insurance
263,Canada Life,Manulife,Swiss Re,Wawanesa Insurance,Royal and Sun Alliance (RSA),Mercer Canada,Normandin Beaudry,Economical Insurance,Northbridge Financial Corporation,Moody's Analytics,Munich Re,RSM Canada,Echelon Insurance / CCG Group,The Co-operators,Milliman
392,Manulife,Canada Life,Munich Re,Deloitte,Intact Insurance,Desjardins,Wawanesa Insurance,PartnerRe,Swiss Re,Ontario Teachers' Pension Plan,Mercer Canada,KPMG Canada,RSM Canada,Royal and Sun Alliance (RSA),Foresters Financial
464,Deloitte,Desjardins,Manulife,Moody's Analytics,KPMG Canada,Milliman,iA Financial Group,Foresters Financial,Mercer Canada,CAAT Pension Plan,Normandin Beaudry,PartnerRe,Munich Re,RSM Canada,Northbridge Financial Corporation
609,Deloitte,KPMG Canada,Manulife,Intact Insurance,Moody's Analytics,Desjardins,Economical Insurance,Canada Life,Munich Re,Swiss Re,PartnerRe,Wawanesa Insurance,Mercer Canada,Milliman,Ontario Teachers' Pension Plan
616,Canada Life,Manulife,Intact Insurance,Desjardins,Wawanesa Insurance,Northbridge Financial Corporation,The Co-operators,Economical Insurance,Moody's Analytics,Mercer Canada,PartnerRe,RSM Canada,Foresters Financial,Deloitte,Swiss Re
341,Canada Life,Deloitte,Intact Insurance,Manulife,Mercer Canada,Desjardins,KPMG Canada,Moody's Analytics,The Co-operators,Munich Re,Swiss Re,PartnerRe,Royal and Sun Alliance (RSA),Economical Insurance,Echelon Insurance / CCG Group
107,Canada Life,Wawanesa Insurance,Manulife,The Co-operators,Intact Insurance,KPMG Canada,iA Financial Group,Deloitte,Foresters Financial,Desjardins,Mercer Canada,Moody's Analytics,Munich Re,Northbridge Financial Corporation,Swiss Re
613,Intact Insurance,KPMG Canada,Deloitte,Milliman,iA Financial Group,Wawanesa Insurance,The Co-operators,Royal and Sun Alliance (RSA),Economical Insurance,Desjardins,Moody's Analytics,Munich Re,Northbridge Financial Corporation,PartnerRe,Swiss Re
235,Wawanesa Insurance,Canada Life,Deloitte,Manulife,Intact Insurance,Mercer Canada,The Co-operators,Desjardins,iA Financial Group,Munich Re,RSM Canada,Royal and Sun Alliance (RSA),Ontario Teachers' Pension Plan,Economical Insurance,Foresters Financial
247,Manulife,Canada Life,Swiss Re,Munich Re,Foresters Financial,PartnerRe,Ontario Teachers' Pension Plan,CAAT Pension Plan,iA Financial Group,Intact Insurance,Desjardins,KPMG Canada,Mercer Canada,Wawanesa Insurance,Deloitte
297,Intact Insurance,Economical Insurance,Canada Life,Manulife,Desjardins,Moody's Analytics,iA Financial Group,Foresters Financial,Milliman,CAAT Pension Plan,Munich Re,Echelon Insurance / CCG Group,Deloitte,Royal and Sun Alliance (RSA),Ontario Teachers' Pension Plan
350,Deloitte,Swiss Re,Munich Re,CAAT Pension Plan,The Co-operators,Mercer Canada,Ontario Teachers' Pension Plan,Manulife,Canada Life,Desjardins,Economical Insurance,Foresters Financial,Wawanesa Insurance,RSM Canada,Royal and Sun Alliance (RSA)
419,Deloitte,KPMG Canada,Ontario Teachers' Pension Plan,Intact Insurance,Manulife,Mercer Canada,Royal and Sun Alliance (RSA),Desjardins,Canada Life,iA Financial Group,Echelon Insurance / CCG Group,Economical Insurance,Foresters Financial,CAAT Pension Plan,Munich Re
597,Intact Insurance,Normandin Beaudry,Desjardins,Economical Insurance,Echelon Insurance / CCG Group,The Co-operators,Deloitte,Munich Re,Swiss Re,Wawanesa Insurance,Royal and Sun Alliance (RSA),Manulife,Mercer Canada,KPMG Canada,PartnerRe
056,Swiss Re,Munich Re,Canada Life,Desjardins,Deloitte,Manulife,Northbridge Financial Corporation,PartnerRe,KPMG Canada,Wawanesa Insurance,Economical Insurance,Royal and Sun Alliance (RSA),RSM Canada,Intact Insurance,Echelon Insurance / CCG Group
347,Ontario Teachers' Pension Plan,CAAT Pension Plan,Deloitte,Canada Life,PartnerRe,Munich Re,Foresters Financial,KPMG Canada,Swiss Re,Royal and Sun Alliance (RSA),RSM Canada,Wawanesa Insurance,Northbridge Financial Corporation,0,0
589,Munich Re,Mercer Canada,Wawanesa Insurance,Canada Life,Intact Insurance,RSM Canada,The Co-operators,Milliman,Deloitte,CAAT Pension Plan,Ontario Teachers' Pension Plan,KPMG Canada,iA Financial Group,Manulife,Foresters Financial
083,Desjardins,The Co-operators,Wawanesa Insurance,Munich Re,KPMG Canada,Mercer Canada,Manulife,Canada Life,Deloitte,Economical Insurance,iA Financial Group,0,0,0,0
179,KPMG Canada,Manulife,Munich Re,Deloitte,iA Financial Group,Swiss Re,Wawanesa Insurance,Intact Insurance,Foresters Financial,Economical Insurance,Desjardins,Canada Life,Milliman,PartnerRe,CAAT Pension Plan
084,Mercer Canada,Manulife,Milliman,Munich Re,Wawanesa Insurance,Foresters Financial,iA Financial Group,Normandin Beaudry,Swiss Re,PartnerRe,Canada Life,Deloitte,RSM Canada,Ontario Teachers' Pension Plan,CAAT Pension Plan
198,Intact Insurance,Wawanesa Insurance,PartnerRe,RSM Canada,Desjardins,Deloitte,Economical Insurance,Foresters Financial,iA Financial Group,CAAT Pension Plan,Canada Life,Echelon Insurance / CCG Group,KPMG Canada,Mercer Canada,Manulife
080,Munich Re,Intact Insurance,Swiss Re,0,0,0,0,0,0,0,0,0,0,0,0
207,Canada Life,KPMG Canada,Swiss Re,Manulife,Mercer Canada,Ontario Teachers' Pension Plan,Munich Re,Deloitte,Desjardins,Intact Insurance,Milliman,PartnerRe,Foresters Financial,CAAT Pension Plan,Economical Insurance
191,Intact Insurance,Canada Life,Economical Insurance,KPMG Canada,CAAT Pension Plan,Deloitte,Manulife,Desjardins,Foresters Financial,iA Financial Group,Moody's Analytics,Mercer Canada,PartnerRe,Munich Re,Wawanesa Insurance
034,Munich Re,Swiss Re,Desjardins,Manulife,Echelon Insurance / CCG Group,KPMG Canada,Milliman,Mercer Canada,Canada Life,Intact Insurance,Normandin Beaudry,Wawanesa Insurance,Moody's Analytics,iA Financial Group,Foresters Financial
642,Intact Insurance,Swiss Re,Desjardins,Mercer Canada,Munich Re,Normandin Beaudry,The Co-operators,Canada Life,KPMG Canada,CAAT Pension Plan,Northbridge Financial Corporation,0,0,0,0
567,Royal and Sun Alliance (RSA),Desjardins,Wawanesa Insurance,Munich Re,KPMG Canada,Economical Insurance,PartnerRe,Intact Insurance,iA Financial Group,Foresters Financial,Moody's Analytics,RSM Canada,Swiss Re,Deloitte,CAAT Pension Plan
022,Canada Life,Manulife,Desjardins,Moody's Analytics,Swiss Re,Foresters Financial,Deloitte,Wawanesa Insurance,Economical Insurance,iA Financial Group,Intact Insurance,KPMG Canada,Mercer Canada,Milliman,CAAT Pension Plan
274,Swiss Re,Royal and Sun Alliance (RSA),Munich Re,Mercer Canada,Manulife,Economical Insurance,Canada Life,Desjardins,KPMG Canada,PartnerRe,Deloitte,Echelon Insurance / CCG Group,Foresters Financial,iA Financial Group,Intact Insurance
114,Deloitte,KPMG Canada,Manulife,Desjardins,Munich Re,Mercer Canada,Ontario Teachers' Pension Plan,RSM Canada,0,0,0,0,0,0,0
356,Intact Insurance,Economical Insurance,Northbridge Financial Corporation,Wawanesa Insurance,The Co-operators,0,Manulife,Munich Re,Desjardins,Ontario Teachers' Pension Plan,PartnerRe,Royal and Sun Alliance (RSA),RSM Canada,Normandin Beaudry,Moody's Analytics
610,Deloitte,Foresters Financial,Intact Insurance,Manulife,Economical Insurance,KPMG Canada,Mercer Canada,Ontario Teachers' Pension Plan,PartnerRe,Swiss Re,Wawanesa Insurance,Royal and Sun Alliance (RSA),RSM Canada,Canada Life,Desjardins
630,Normandin Beaudry,0,KPMG Canada,Mercer Canada,Munich Re,Swiss Re,PartnerRe,Manulife,iA Financial Group,Canada Life,Intact Insurance,Deloitte,CAAT Pension Plan,Desjardins,Wawanesa Insurance
398,Intact Insurance,Desjardins,Royal and Sun Alliance (RSA),Wawanesa Insurance,The Co-operators,Economical Insurance,Northbridge Financial Corporation,Munich Re,Swiss Re,0,0,0,0,0,0
479,Deloitte,Manulife,Desjardins,Economical Insurance,Foresters Financial,Royal and Sun Alliance (RSA),RSM Canada,Wawanesa Insurance,Mercer Canada,Canada Life,CAAT Pension Plan,Echelon Insurance / CCG Group,iA Financial Group,Intact Insurance,Moody's Analytics
008,Intact Insurance,Economical Insurance,Northbridge Financial Corporation,Royal and Sun Alliance (RSA),The Co-operators,Wawanesa Insurance,Echelon Insurance / CCG Group,Desjardins,iA Financial Group,PartnerRe,Swiss Re,Manulife,Canada Life,Milliman,Moody's Analytics
654,Milliman,Desjardins,Moody's Analytics,Swiss Re,Normandin Beaudry,RSM Canada,PartnerRe,Munich Re,Wawanesa Insurance,Royal and Sun Alliance (RSA),iA Financial Group,KPMG Canada,The Co-operators,Deloitte,CAAT Pension Plan
396,Canada Life,Wawanesa Insurance,Ontario Teachers' Pension Plan,Manulife,Mercer Canada,Intact Insurance,Desjardins,KPMG Canada,CAAT Pension Plan,Munich Re,Deloitte,Northbridge Financial Corporation,Swiss Re,Echelon Insurance / CCG Group,iA Financial Group
624,Wawanesa Insurance,The Co-operators,Mercer Canada,Manulife,Desjardins,Moody's Analytics,Intact Insurance,Economical Insurance,Echelon Insurance / CCG Group,Deloitte,Normandin Beaudry,Munich Re,iA Financial Group,Foresters Financial,Canada Life
359,Intact Insurance,Northbridge Financial Corporation,Manulife,Desjardins,Munich Re,Swiss Re,Royal and Sun Alliance (RSA),Wawanesa Insurance,Canada Life,Deloitte,Echelon Insurance / CCG Group,Economical Insurance,Mercer Canada,PartnerRe,CAAT Pension Plan
449,Intact Insurance,Desjardins,KPMG Canada,iA Financial Group,The Co-operators,PartnerRe,Royal and Sun Alliance (RSA),Wawanesa Insurance,Swiss Re,Munich Re,Economical Insurance,Mercer Canada,0,Deloitte,Manulife
366,Moody's Analytics,Munich Re,PartnerRe,Swiss Re,Intact Insurance,Desjardins,CAAT Pension Plan,Manulife,Mercer Canada,Wawanesa Insurance,Normandin Beaudry,Foresters Financial,Echelon Insurance / CCG Group,The Co-operators,Canada Life
141,CAAT Pension Plan,Canada Life,Foresters Financial,Manulife,Mercer Canada,Munich Re,Milliman,Northbridge Financial Corporation,PartnerRe,Royal and Sun Alliance (RSA),Normandin Beaudry,RSM Canada,Swiss Re,Intact Insurance,Deloitte
339,Manulife,KPMG Canada,Deloitte,iA Financial Group,Desjardins,Intact Insurance,Mercer Canada,Swiss Re,Munich Re,Normandin Beaudry,RSM Canada,Wawanesa Insurance,Northbridge Financial Corporation,Economical Insurance,Ontario Teachers' Pension Plan
639,Intact Insurance,Desjardins,iA Financial Group,The Co-operators,Normandin Beaudry,Mercer Canada,Deloitte,Echelon Insurance / CCG Group,KPMG Canada,Manulife,PartnerRe,Munich Re,Northbridge Financial Corporation,Swiss Re,Milliman
623,Swiss Re,Moody's Analytics,Munich Re,Manulife,Milliman,KPMG Canada,iA Financial Group,Mercer Canada,Intact Insurance,Deloitte,Canada Life,Desjardins,PartnerRe,0,0
148,Mercer Canada,CAAT Pension Plan,PartnerRe,Swiss Re,Moody's Analytics,Canada Life,Ontario Teachers' Pension Plan,KPMG Canada,RSM Canada,Munich Re,Manulife,Milliman,0,Wawanesa Insurance,Economical Insurance
380,Ontario Teachers' Pension Plan,Munich Re,Desjardins,Deloitte,CAAT Pension Plan,Mercer Canada,Northbridge Financial Corporation,Moody's Analytics,Swiss Re,Canada Life,Economical Insurance,Echelon Insurance / CCG Group,Foresters Financial,iA Financial Group,Intact Insurance
271,0,0,0,0,0,0,0,0,0,0,0,0,0,0,0
180,KPMG Canada,Intact Insurance,Economical Insurance,Canada Life,Deloitte,PartnerRe,Munich Re,Foresters Financial,Swiss Re,RSM Canada,Manulife,Wawanesa Insurance,The Co-operators,CAAT Pension Plan,Northbridge Financial Corporation
515,Intact Insurance,Canada Life,Deloitte,Desjardins,Economical Insurance,Manulife,Munich Re,KPMG Canada,PartnerRe,Swiss Re,The Co-operators,Wawanesa Insurance,Royal and Sun Alliance (RSA),Mercer Canada,Northbridge Financial Corporation
170,Wawanesa Insurance,Manulife,Mercer Canada,Canada Life,Deloitte,PartnerRe,Echelon Insurance / CCG Group,The Co-operators,Munich Re,Foresters Financial,Economical Insurance,Desjardins,0,Swiss Re,RSM Canada
273,Intact Insurance,Royal and Sun Alliance (RSA),Deloitte,KPMG Canada,Ontario Teachers' Pension Plan,Manulife,Canada Life,0,0,0,0,0,0,0,0
400,Mercer Canada,Munich Re,Economical Insurance,CAAT Pension Plan,PartnerRe,Wawanesa Insurance,Ontario Teachers' Pension Plan,Swiss Re,Royal and Sun Alliance (RSA),0,0,0,0,0,0
137,Wawanesa Insurance,RSM Canada,Canada Life,Intact Insurance,KPMG Canada,0,Swiss Re,Ontario Teachers' Pension Plan,Northbridge Financial Corporation,Deloitte,CAAT Pension Plan,Economical Insurance,Manulife,Mercer Canada,The Co-operators
384,Canada Life,Manulife,Intact Insurance,Wawanesa Insurance,Moody's Analytics,Desjardins,iA Financial Group,Economical Insurance,Deloitte,KPMG Canada,Foresters Financial,Munich Re,Mercer Canada,The Co-operators,Swiss Re
051,Wawanesa Insurance,Canada Life,Desjardins,Munich Re,Ontario Teachers' Pension Plan,Royal and Sun Alliance (RSA),Northbridge Financial Corporation,RSM Canada,The Co-operators,Manulife,Mercer Canada,Milliman,Moody's Analytics,Deloitte,Intact Insurance
353,Deloitte,Manulife,Intact Insurance,Milliman,Munich Re,Canada Life,CAAT Pension Plan,Desjardins,Echelon Insurance / CCG Group,Economical Insurance,Foresters Financial,KPMG Canada,Mercer Canada,Northbridge Financial Corporation,Swiss Re
150,The Co-operators,Munich Re,iA Financial Group,KPMG Canada,Intact Insurance,Desjardins,Deloitte,Mercer Canada,Manulife,Foresters Financial,Echelon Insurance / CCG Group,Moody's Analytics,Northbridge Financial Corporation,Normandin Beaudry,Wawanesa Insurance
343,Canada Life,Wawanesa Insurance,Munich Re,Manulife,Intact Insurance,Economical Insurance,Echelon Insurance / CCG Group,Foresters Financial,KPMG Canada,Mercer Canada,Milliman,Moody's Analytics,Northbridge Financial Corporation,Ontario Teachers' Pension Plan,Royal and Sun Alliance (RSA)
204,Deloitte,Canada Life,KPMG Canada,Intact Insurance,Manulife,Echelon Insurance / CCG Group,Desjardins,Swiss Re,Moody's Analytics,iA Financial Group,Ontario Teachers' Pension Plan,The Co-operators,Economical Insurance,Milliman,Munich Re
119,Deloitte,Munich Re,Manulife,Mercer Canada,Swiss Re,Royal and Sun Alliance (RSA),Intact Insurance,Canada Life,iA Financial Group,Wawanesa Insurance,The Co-operators,Milliman,Foresters Financial,Northbridge Financial Corporation,PartnerRe
117,Intact Insurance,Mercer Canada,Manulife,Canada Life,Wawanesa Insurance,Swiss Re,Deloitte,Munich Re,The Co-operators,Normandin Beaudry,RSM Canada,PartnerRe,iA Financial Group,Economical Insurance,Desjardins
206,Canada Life,Munich Re,Swiss Re,Wawanesa Insurance,Manulife,Deloitte,Desjardins,KPMG Canada,Moody's Analytics,PartnerRe,Royal and Sun Alliance (RSA),iA Financial Group,Foresters Financial,Mercer Canada,Intact Insurance
549,Deloitte,KPMG Canada,Mercer Canada,Intact Insurance,Swiss Re,Royal and Sun Alliance (RSA),Manulife,Foresters Financial,Canada Life,Economical Insurance,Munich Re,Wawanesa Insurance,Milliman,RSM Canada,Desjardins
425,Manulife,Swiss Re,Munich Re,PartnerRe,Canada Life,Economical Insurance,Foresters Financial,Royal and Sun Alliance (RSA),Wawanesa Insurance,The Co-operators,RSM Canada,Northbridge Financial Corporation,Normandin Beaudry,Echelon Insurance / CCG Group,Desjardins
428,Manulife,Canada Life,Deloitte,Desjardins,Intact Insurance,Mercer Canada,KPMG Canada,CAAT Pension Plan,Economical Insurance,iA Financial Group,Munich Re,Swiss Re,RSM Canada,Moody's Analytics,Wawanesa Insurance
258,Milliman,Mercer Canada,Swiss Re,Royal and Sun Alliance (RSA),Intact Insurance,Desjardins,Canada Life,Deloitte,KPMG Canada,Munich Re,iA Financial Group,The Co-operators,Foresters Financial,Economical Insurance,Normandin Beaudry
570,Manulife,Canada Life,Economical Insurance,Munich Re,Ontario Teachers' Pension Plan,Royal and Sun Alliance (RSA),Swiss Re,The Co-operators,Mercer Canada,Intact Insurance,Desjardins,Deloitte,CAAT Pension Plan,Moody's Analytics,KPMG Canada
169,Moody's Analytics,Desjardins,Deloitte,RSM Canada,0,Foresters Financial,iA Financial Group,KPMG Canada,Normandin Beaudry,Intact Insurance,Munich Re,Economical Insurance,The Co-operators,Milliman,Manulife
280,Swiss Re,PartnerRe,Munich Re,Northbridge Financial Corporation,Desjardins,Mercer Canada,Intact Insurance,Moody's Analytics,0,RSM Canada,Royal and Sun Alliance (RSA),Deloitte,KPMG Canada,Milliman,Canada Life
268,iA Financial Group,Intact Insurance,Manulife,Deloitte,Canada Life,Royal and Sun Alliance (RSA),Wawanesa Insurance,Munich Re,Mercer Canada,Moody's Analytics,Ontario Teachers' Pension Plan,CAAT Pension Plan,Echelon Insurance / CCG Group,Economical Insurance,KPMG Canada
354,Mercer Canada,Milliman,iA Financial Group,Intact Insurance,Swiss Re,Desjardins,Manulife,Munich Re,Canada Life,Echelon Insurance / CCG Group,Economical Insurance,Foresters Financial,Royal and Sun Alliance (RSA),CAAT Pension Plan,Northbridge Financial Corporation
563,Manulife,Deloitte,Desjardins,Canada Life,Intact Insurance,KPMG Canada,Munich Re,Foresters Financial,iA Financial Group,Swiss Re,The Co-operators,PartnerRe,Mercer Canada,Moody's Analytics,Wawanesa Insurance
005,Milliman,Royal and Sun Alliance (RSA),KPMG Canada,Canada Life,Economical Insurance,Intact Insurance,Manulife,Munich Re,Deloitte,Ontario Teachers' Pension Plan,The Co-operators,Desjardins,CAAT Pension Plan,PartnerRe,Swiss Re
249,Deloitte,The Co-operators,Canada Life,Wawanesa Insurance,Swiss Re,Mercer Canada,Manulife,Intact Insurance,Economical Insurance,Desjardins,Foresters Financial,Royal and Sun Alliance (RSA),Ontario Teachers' Pension Plan,Milliman,Munich Re
459,Intact Insurance,The Co-operators,Manulife,Desjardins,Deloitte,RSM Canada,Northbridge Financial Corporation,Canada Life,Economical Insurance,Mercer Canada,Munich Re,Normandin Beaudry,CAAT Pension Plan,Wawanesa Insurance,Swiss Re
300,Manulife,Canada Life,Deloitte,iA Financial Group,Intact Insurance,Moody's Analytics,Desjardins,CAAT Pension Plan,Economical Insurance,Foresters Financial,Northbridge Financial Corporation,Royal and Sun Alliance (RSA),Milliman,Mercer Canada,The Co-operators
586,Swiss Re,Intact Insurance,Munich Re,Manulife,Wawanesa Insurance,Deloitte,Canada Life,Desjardins,Economical Insurance,PartnerRe,Normandin Beaudry,Moody's Analytics,Milliman,KPMG Canada,Ontario Teachers' Pension Plan
346,RSM Canada,Munich Re,Deloitte,KPMG Canada,Intact Insurance,Swiss Re,Wawanesa Insurance,Royal and Sun Alliance (RSA),Economical Insurance,Desjardins,iA Financial Group,The Co-operators,PartnerRe,Northbridge Financial Corporation,Echelon Insurance / CCG Group
066,Intact Insurance,Milliman,Munich Re,Swiss Re,KPMG Canada,Mercer Canada,Moody's Analytics,Deloitte,Canada Life,Desjardins,Economical Insurance,Echelon Insurance / CCG Group,Foresters Financial,iA Financial Group,Northbridge Financial Corporation
421,Manulife,Desjardins,Munich Re,iA Financial Group,Intact Insurance,Normandin Beaudry,Canada Life,Foresters Financial,Economical Insurance,Deloitte,Royal and Sun Alliance (RSA),Mercer Canada,Milliman,PartnerRe,RSM Canada
519,Deloitte,Manulife,KPMG Canada,Moody's Analytics,Munich Re,Desjardins,Swiss Re,RSM Canada,iA Financial Group,Foresters Financial,CAAT Pension Plan,Canada Life,Ontario Teachers' Pension Plan,PartnerRe,Mercer Canada
535,Deloitte,Manulife,KPMG Canada,Moody's Analytics,Munich Re,Swiss Re,RSM Canada,Desjardins,CAAT Pension Plan,Mercer Canada,iA Financial Group,Foresters Financial,Canada Life,PartnerRe,Ontario Teachers' Pension Plan
310,Canada Life,iA Financial Group,Intact Insurance,CAAT Pension Plan,Echelon Insurance / CCG Group,Economical Insurance,Manulife,Wawanesa Insurance,Deloitte,The Co-operators,Ontario Teachers' Pension Plan,Desjardins,Munich Re,Northbridge Financial Corporation,Mercer Canada
316,Desjardins,Intact Insurance,The Co-operators,Canada Life,Deloitte,Economical Insurance,Swiss Re,0,Munich Re,PartnerRe,Ontario Teachers' Pension Plan,Royal and Sun Alliance (RSA),Wawanesa Insurance,iA Financial Group,Foresters Financial
147,Intact Insurance,PartnerRe,Munich Re,Deloitte,KPMG Canada,Swiss Re,Wawanesa Insurance,Desjardins,Manulife,Economical Insurance,Canada Life,Mercer Canada,iA Financial Group,Foresters Financial,Echelon Insurance / CCG Group
635,Intact Insurance,Normandin Beaudry,Desjardins,0,0,0,0,0,0,0,0,0,0,0,0
650,Mercer Canada,Milliman,Canada Life,Manulife,Normandin Beaudry,0,0,0,0,0,0,0,0,0,0
055,Wawanesa Insurance,Manulife,Echelon Insurance / CCG Group,Intact Insurance,Economical Insurance,Swiss Re,Munich Re,The Co-operators,Canada Life,CAAT Pension Plan,Royal and Sun Alliance (RSA),PartnerRe,Foresters Financial,iA Financial Group,Deloitte
497,Swiss Re,Munich Re,Manulife,Mercer Canada,Canada Life,PartnerRe,iA Financial Group,Desjardins,Intact Insurance,Royal and Sun Alliance (RSA),Foresters Financial,Deloitte,Northbridge Financial Corporation,Ontario Teachers' Pension Plan,CAAT Pension Plan
608,Manulife,Mercer Canada,Milliman,Swiss Re,Munich Re,Canada Life,Deloitte,KPMG Canada,Desjardins,Normandin Beaudry,Ontario Teachers' Pension Plan,CAAT Pension Plan,PartnerRe,Royal and Sun Alliance (RSA),RSM Canada
 16,Canada Life,Desjardins,Mercer Canada,0,Swiss Re,PartnerRe,Ontario Teachers' Pension Plan,Munich Re,Moody's Analytics,iA Financial Group,Foresters Financial,Economical Insurance,Echelon Insurance / CCG Group,Milliman,CAAT Pension Plan
078,Manulife,Canada Life,Munich Re,Swiss Re,PartnerRe,Deloitte,KPMG Canada,Milliman,Mercer Canada,Foresters Financial,iA Financial Group,Northbridge Financial Corporation,CAAT Pension Plan,RSM Canada,Moody's Analytics
436,KPMG Canada,Desjardins,Deloitte,Canada Life,iA Financial Group,Mercer Canada,Manulife,Intact Insurance,Northbridge Financial Corporation,Economical Insurance,The Co-operators,Swiss Re,Milliman,Moody's Analytics,Normandin Beaudry
199,Munich Re,Manulife,Intact Insurance,Deloitte,Desjardins,Mercer Canada,Swiss Re,Milliman,Northbridge Financial Corporation,The Co-operators,Wawanesa Insurance,PartnerRe,iA Financial Group,Ontario Teachers' Pension Plan,Normandin Beaudry
410,Canada Life,Manulife,Deloitte,Munich Re,PartnerRe,Mercer Canada,Desjardins,Echelon Insurance / CCG Group,Intact Insurance,KPMG Canada,Milliman,Normandin Beaudry,Ontario Teachers' Pension Plan,CAAT Pension Plan,RSM Canada
211,Canada Life,Manulife,Intact Insurance,iA Financial Group,Deloitte,Moody's Analytics,Economical Insurance,KPMG Canada,Munich Re,Desjardins,The Co-operators,Foresters Financial,Northbridge Financial Corporation,Mercer Canada,Swiss Re
248,Wawanesa Insurance,Intact Insurance,Economical Insurance,Ontario Teachers' Pension Plan,The Co-operators,Manulife,Moody's Analytics,Deloitte,KPMG Canada,Canada Life,Foresters Financial,iA Financial Group,PartnerRe,Swiss Re,Munich Re
435,Manulife,Deloitte,Canada Life,iA Financial Group,Intact Insurance,KPMG Canada,Swiss Re,Mercer Canada,Desjardins,Economical Insurance,PartnerRe,RSM Canada,Northbridge Financial Corporation,Royal and Sun Alliance (RSA),Foresters Financial
507,Wawanesa Insurance,Deloitte,Canada Life,Manulife,CAAT Pension Plan,Echelon Insurance / CCG Group,Milliman,The Co-operators,Swiss Re,Royal and Sun Alliance (RSA),PartnerRe,Ontario Teachers' Pension Plan,Economical Insurance,Foresters Financial,Mercer Canada
574,Canada Life,CAAT Pension Plan,Deloitte,KPMG Canada,Economical Insurance,Manulife,Mercer Canada,Milliman,Ontario Teachers' Pension Plan,Wawanesa Insurance,The Co-operators,Swiss Re,RSM Canada,Royal and Sun Alliance (RSA),PartnerRe
645,KPMG Canada,Manulife,Desjardins,Echelon Insurance / CCG Group,iA Financial Group,Intact Insurance,Canada Life,Mercer Canada,Munich Re,Northbridge Financial Corporation,Normandin Beaudry,Royal and Sun Alliance (RSA),RSM Canada,Swiss Re,The Co-operators
129,Manulife,Canada Life,Swiss Re,Deloitte,KPMG Canada,iA Financial Group,Royal and Sun Alliance (RSA),Intact Insurance,Economical Insurance,Moody's Analytics,Desjardins,Wawanesa Insurance,Foresters Financial,Northbridge Financial Corporation,Milliman
575,Moody's Analytics,Deloitte,KPMG Canada,Mercer Canada,Milliman,Normandin Beaudry,Munich Re,Desjardins,Canada Life,PartnerRe,The Co-operators,Wawanesa Insurance,Swiss Re,Royal and Sun Alliance (RSA),iA Financial Group
004,Manulife,Munich Re,Deloitte,Desjardins,Wawanesa Insurance,Canada Life,Swiss Re,Intact Insurance,KPMG Canada,Economical Insurance,RSM Canada,PartnerRe,Mercer Canada,Northbridge Financial Corporation,The Co-operators
190,Intact Insurance,Desjardins,Royal and Sun Alliance (RSA),Wawanesa Insurance,Munich Re,Swiss Re,PartnerRe,0,0,0,0,0,0,0,0
013,KPMG Canada,Munich Re,Swiss Re,Wawanesa Insurance,Economical Insurance,Intact Insurance,Deloitte,PartnerRe,Royal and Sun Alliance (RSA),The Co-operators,RSM Canada,Ontario Teachers' Pension Plan,Manulife,Desjardins,Northbridge Financial Corporation
195,Normandin Beaudry,Mercer Canada,Desjardins,Deloitte,Manulife,Wawanesa Insurance,0,Intact Insurance,PartnerRe,Royal and Sun Alliance (RSA),RSM Canada,Foresters Financial,Echelon Insurance / CCG Group,CAAT Pension Plan,Munich Re
109,Intact Insurance,Desjardins,Normandin Beaudry,Wawanesa Insurance,iA Financial Group,Deloitte,Manulife,The Co-operators,Mercer Canada,Canada Life,Economical Insurance,Foresters Financial,CAAT Pension Plan,PartnerRe,RSM Canada
691,Canada Life,Royal and Sun Alliance (RSA),Manulife,Intact Insurance,Economical Insurance,Deloitte,PartnerRe,Munich Re,Milliman,Mercer Canada,KPMG Canada,Foresters Financial,Desjardins,Northbridge Financial Corporation,Normandin Beaudry
486,Deloitte,Canada Life,Wawanesa Insurance,Intact Insurance,Economical Insurance,Desjardins,CAAT Pension Plan,Echelon Insurance / CCG Group,The Co-operators,Swiss Re,Mercer Canada,Manulife,KPMG Canada,Foresters Financial,Milliman
265,Canada Life,Manulife,Wawanesa Insurance,Intact Insurance,KPMG Canada,Munich Re,Royal and Sun Alliance (RSA),Foresters Financial,Desjardins,Deloitte,iA Financial Group,The Co-operators,Swiss Re,PartnerRe,RSM Canada
136,Wawanesa Insurance,Canada Life,Manulife,Desjardins,Munich Re,Mercer Canada,Milliman,Deloitte,Echelon Insurance / CCG Group,Swiss Re,CAAT Pension Plan,Economical Insurance,Moody's Analytics,Intact Insurance,iA Financial Group
547,Deloitte,Munich Re,KPMG Canada,Desjardins,CAAT Pension Plan,Economical Insurance,Manulife,0,Swiss Re,Mercer Canada,Canada Life,iA Financial Group,Ontario Teachers' Pension Plan,Royal and Sun Alliance (RSA),Wawanesa Insurance
079,Intact Insurance,Manulife,Ontario Teachers' Pension Plan,Foresters Financial,Moody's Analytics,Canada Life,PartnerRe,RSM Canada,Swiss Re,Mercer Canada,Milliman,CAAT Pension Plan,Royal and Sun Alliance (RSA),Wawanesa Insurance,The Co-operators
566,Canada Life,Munich Re,Mercer Canada,CAAT Pension Plan,Deloitte,Desjardins,Economical Insurance,Foresters Financial,PartnerRe,iA Financial Group,Moody's Analytics,Wawanesa Insurance,Ontario Teachers' Pension Plan,Normandin Beaudry,Manulife
029,Desjardins,Munich Re,Wawanesa Insurance,Intact Insurance,iA Financial Group,PartnerRe,Mercer Canada,Milliman,Manulife,Canada Life,Swiss Re,Ontario Teachers' Pension Plan,Northbridge Financial Corporation,Foresters Financial,Deloitte
468,Munich Re,Manulife,Swiss Re,Deloitte,Desjardins,Intact Insurance,iA Financial Group,KPMG Canada,Canada Life,Echelon Insurance / CCG Group,Foresters Financial,Economical Insurance,Wawanesa Insurance,PartnerRe,Mercer Canada
120,Deloitte,Mercer Canada,KPMG Canada,Moody's Analytics,The Co-operators,Manulife,Intact Insurance,Economical Insurance,iA Financial Group,Desjardins,Wawanesa Insurance,Royal and Sun Alliance (RSA),Northbridge Financial Corporation,Swiss Re,Milliman
559,Deloitte,Munich Re,Swiss Re,Canada Life,Manulife,Intact Insurance,Moody's Analytics,Wawanesa Insurance,Milliman,KPMG Canada,Desjardins,Ontario Teachers' Pension Plan,Foresters Financial,Royal and Sun Alliance (RSA),Mercer Canada
234,Normandin Beaudry,The Co-operators,iA Financial Group,Canada Life,0,0,0,0,0,0,0,0,0,0,0
276,Desjardins,Wawanesa Insurance,Swiss Re,Munich Re,The Co-operators,RSM Canada,Deloitte,Canada Life,Echelon Insurance / CCG Group,iA Financial Group,PartnerRe,Intact Insurance,KPMG Canada,Northbridge Financial Corporation,Royal and Sun Alliance (RSA)
301,Ontario Teachers' Pension Plan,Manulife,Intact Insurance,Royal and Sun Alliance (RSA),Mercer Canada,Deloitte,CAAT Pension Plan,Canada Life,iA Financial Group,KPMG Canada,Munich Re,PartnerRe,Swiss Re,Echelon Insurance / CCG Group,Wawanesa Insurance
319,Manulife,Deloitte,Munich Re,Canada Life,Intact Insurance,KPMG Canada,Milliman,Mercer Canada,Desjardins,PartnerRe,Swiss Re,RSM Canada,The Co-operators,Economical Insurance,Ontario Teachers' Pension Plan
306,Intact Insurance,Manulife,Munich Re,Deloitte,Echelon Insurance / CCG Group,Economical Insurance,Moody's Analytics,Mercer Canada,Milliman,Northbridge Financial Corporation,KPMG Canada,iA Financial Group,Foresters Financial,Desjardins,Canada Life
239,Economical Insurance,Canada Life,Ontario Teachers' Pension Plan,Wawanesa Insurance,Manulife,CAAT Pension Plan,Intact Insurance,Echelon Insurance / CCG Group,Desjardins,Munich Re,Swiss Re,PartnerRe,RSM Canada,Moody's Analytics,Foresters Financial
487,Manulife,Milliman,Deloitte,KPMG Canada,PartnerRe,Royal and Sun Alliance (RSA),RSM Canada,Swiss Re,Wawanesa Insurance,The Co-operators,Desjardins,Economical Insurance,0,0,0
611,Manulife,Canada Life,Deloitte,Desjardins,Intact Insurance,Munich Re,Northbridge Financial Corporation,Swiss Re,PartnerRe,0,Foresters Financial,KPMG Canada,Mercer Canada,Wawanesa Insurance,Economical Insurance
111,Intact Insurance,Manulife,Deloitte,iA Financial Group,Swiss Re,Munich Re,Mercer Canada,KPMG Canada,RSM Canada,Royal and Sun Alliance (RSA),PartnerRe,Ontario Teachers' Pension Plan,Economical Insurance,Foresters Financial,Desjardins
582,Canada Life,Manulife,Munich Re,PartnerRe,Economical Insurance,Swiss Re,Northbridge Financial Corporation,Wawanesa Insurance,Normandin Beaudry,Royal and Sun Alliance (RSA),Echelon Insurance / CCG Group,Foresters Financial,iA Financial Group,Moody's Analytics,The Co-operators
284,Deloitte,KPMG Canada,Swiss Re,Munich Re,Moody's Analytics,Mercer Canada,Manulife,Ontario Teachers' Pension Plan,Desjardins,Royal and Sun Alliance (RSA),0,0,0,0,0
409,Canada Life,Manulife,Intact Insurance,Economical Insurance,Deloitte,Desjardins,Munich Re,Swiss Re,The Co-operators,Wawanesa Insurance,RSM Canada,Royal and Sun Alliance (RSA),PartnerRe,Ontario Teachers' Pension Plan,CAAT Pension Plan
600,PartnerRe,Manulife,Canada Life,Swiss Re,Munich Re,Moody's Analytics,Wawanesa Insurance,iA Financial Group,Economical Insurance,Intact Insurance,Desjardins,KPMG Canada,Mercer Canada,The Co-operators,Deloitte
302,Milliman,Desjardins,Intact Insurance,RSM Canada,The Co-operators,Wawanesa Insurance,Munich Re,Deloitte,Mercer Canada,KPMG Canada,Normandin Beaudry,Foresters Financial,Economical Insurance,Swiss Re,iA Financial Group
187,Mercer Canada,KPMG Canada,Deloitte,Intact Insurance,Wawanesa Insurance,Milliman,Moody's Analytics,Canada Life,CAAT Pension Plan,Ontario Teachers' Pension Plan,Royal and Sun Alliance (RSA),RSM Canada,Manulife,iA Financial Group,Economical Insurance
188,Mercer Canada,Intact Insurance,iA Financial Group,Manulife,Deloitte,Munich Re,Swiss Re,PartnerRe,Canada Life,Economical Insurance,Normandin Beaudry,0,0,0,0
417,Desjardins,Canada Life,Economical Insurance,iA Financial Group,Manulife,KPMG Canada,Mercer Canada,Foresters Financial,Deloitte,Milliman,Moody's Analytics,Munich Re,Northbridge Financial Corporation,Normandin Beaudry,Ontario Teachers' Pension Plan
588,CAAT Pension Plan,Intact Insurance,Manulife,Canada Life,Ontario Teachers' Pension Plan,Moody's Analytics,Echelon Insurance / CCG Group,Deloitte,KPMG Canada,Mercer Canada,Munich Re,Northbridge Financial Corporation,Swiss Re,Wawanesa Insurance,Economical Insurance
142,PartnerRe,Canada Life,Northbridge Financial Corporation,Desjardins,Deloitte,RSM Canada,Swiss Re,Wawanesa Insurance,The Co-operators,Mercer Canada,Manulife,KPMG Canada,iA Financial Group,Economical Insurance,Echelon Insurance / CCG Group
289,RSM Canada,Manulife,Economical Insurance,Intact Insurance,KPMG Canada,Canada Life,CAAT Pension Plan,Ontario Teachers' Pension Plan,Royal and Sun Alliance (RSA),Swiss Re,Northbridge Financial Corporation,Moody's Analytics,Deloitte,Mercer Canada,PartnerRe
126,Munich Re,iA Financial Group,Milliman,Moody's Analytics,Royal and Sun Alliance (RSA),Deloitte,Desjardins,Normandin Beaudry,0,Echelon Insurance / CCG Group,Economical Insurance,PartnerRe,KPMG Canada,Wawanesa Insurance,The Co-operators
619,Northbridge Financial Corporation,Intact Insurance,Economical Insurance,Manulife,Munich Re,Milliman,Foresters Financial,Desjardins,Echelon Insurance / CCG Group,Deloitte,Moody's Analytics,RSM Canada,Swiss Re,The Co-operators,Ontario Teachers' Pension Plan
458,KPMG Canada,Royal and Sun Alliance (RSA),Intact Insurance,Canada Life,Desjardins,Ontario Teachers' Pension Plan,Economical Insurance,Manulife,Mercer Canada,Northbridge Financial Corporation,Normandin Beaudry,RSM Canada,Swiss Re,The Co-operators,Wawanesa Insurance
110,Intact Insurance,Deloitte,Canada Life,The Co-operators,Mercer Canada,Manulife,Desjardins,KPMG Canada,Swiss Re,Economical Insurance,iA Financial Group,Foresters Financial,CAAT Pension Plan,Echelon Insurance / CCG Group,Wawanesa Insurance
068,Desjardins,PartnerRe,The Co-operators,iA Financial Group,Economical Insurance,Intact Insurance,Manulife,Northbridge Financial Corporation,Canada Life,CAAT Pension Plan,Foresters Financial,Ontario Teachers' Pension Plan,RSM Canada,Wawanesa Insurance,Swiss Re
453,Manulife,Intact Insurance,Canada Life,Royal and Sun Alliance (RSA),Desjardins,The Co-operators,Wawanesa Insurance,Munich Re,Swiss Re,Deloitte,Economical Insurance,Ontario Teachers' Pension Plan,CAAT Pension Plan,iA Financial Group,Echelon Insurance / CCG Group
537,Royal and Sun Alliance (RSA),Intact Insurance,iA Financial Group,Desjardins,Canada Life,Wawanesa Insurance,Foresters Financial,Manulife,Economical Insurance,0,0,0,0,0,0
585,Moody's Analytics,Deloitte,Munich Re,PartnerRe,Swiss Re,Manulife,KPMG Canada,Canada Life,iA Financial Group,Mercer Canada,0,0,0,0,0
450,Deloitte,Manulife,Swiss Re,Canada Life,Munich Re,Moody's Analytics,Desjardins,Economical Insurance,KPMG Canada,Mercer Canada,Milliman,Royal and Sun Alliance (RSA),Ontario Teachers' Pension Plan,PartnerRe,Wawanesa Insurance
257,Canada Life,Intact Insurance,Wawanesa Insurance,Royal and Sun Alliance (RSA),Swiss Re,Northbridge Financial Corporation,Mercer Canada,Moody's Analytics,The Co-operators,0,Manulife,Economical Insurance,Munich Re,KPMG Canada,iA Financial Group
153,Moody's Analytics,Deloitte,KPMG Canada,Desjardins,Intact Insurance,Wawanesa Insurance,Manulife,Milliman,Northbridge Financial Corporation,Swiss Re,Munich Re,PartnerRe,Canada Life,CAAT Pension Plan,Foresters Financial
432,Manulife,iA Financial Group,Desjardins,Deloitte,Canada Life,Intact Insurance,Wawanesa Insurance,RSM Canada,Swiss Re,KPMG Canada,Mercer Canada,Economical Insurance,Foresters Financial,Munich Re,Royal and Sun Alliance (RSA)
287,Swiss Re,Economical Insurance,Desjardins,0,Munich Re,Canada Life,Deloitte,The Co-operators,Wawanesa Insurance,Manulife,Intact Insurance,Normandin Beaudry,PartnerRe,Northbridge Financial Corporation,Royal and Sun Alliance (RSA)
447,Deloitte,Mercer Canada,Desjardins,Intact Insurance,KPMG Canada,Manulife,Munich Re,iA Financial Group,Economical Insurance,Canada Life,Echelon Insurance / CCG Group,Foresters Financial,Milliman,Moody's Analytics,Northbridge Financial Corporation
648,Deloitte,Intact Insurance,Munich Re,KPMG Canada,Mercer Canada,PartnerRe,Swiss Re,Wawanesa Insurance,Normandin Beaudry,Northbridge Financial Corporation,Milliman,Manulife,Economical Insurance,Desjardins,Canada Life
283,The Co-operators,Wawanesa Insurance,Canada Life,CAAT Pension Plan,Economical Insurance,Intact Insurance,Munich Re,Northbridge Financial Corporation,PartnerRe,RSM Canada,Deloitte,Desjardins,Foresters Financial,Manulife,Normandin Beaudry
025,Canada Life,Desjardins,Economical Insurance,Mercer Canada,Intact Insurance,KPMG Canada,Moody's Analytics,Manulife,Ontario Teachers' Pension Plan,Wawanesa Insurance,The Co-operators,0,RSM Canada,Royal and Sun Alliance (RSA),Munich Re
039,Swiss Re,Canada Life,PartnerRe,Foresters Financial,Munich Re,Manulife,Wawanesa Insurance,Deloitte,Ontario Teachers' Pension Plan,KPMG Canada,Moody's Analytics,Mercer Canada,CAAT Pension Plan,iA Financial Group,Milliman
018,Intact Insurance,Milliman,Manulife,KPMG Canada,PartnerRe,Swiss Re,Mercer Canada,Deloitte,Desjardins,Munich Re,Royal and Sun Alliance (RSA),Northbridge Financial Corporation,Normandin Beaudry,Canada Life,Economical Insurance
159,Manulife,Munich Re,Milliman,Swiss Re,Intact Insurance,Royal and Sun Alliance (RSA),RSM Canada,PartnerRe,Wawanesa Insurance,Northbridge Financial Corporation,Mercer Canada,Economical Insurance,The Co-operators,Desjardins,Deloitte
328,Manulife,Munich Re,KPMG Canada,Foresters Financial,RSM Canada,Royal and Sun Alliance (RSA),Economical Insurance,Canada Life,Intact Insurance,Milliman,Moody's Analytics,Wawanesa Insurance,The Co-operators,Swiss Re,Northbridge Financial Corporation
340,Manulife,Canada Life,Intact Insurance,iA Financial Group,Economical Insurance,Desjardins,Deloitte,Munich Re,CAAT Pension Plan,Swiss Re,The Co-operators,PartnerRe,Moody's Analytics,Mercer Canada,Foresters Financial
227,Intact Insurance,Manulife,Milliman,Canada Life,Desjardins,Swiss Re,Wawanesa Insurance,Ontario Teachers' Pension Plan,Economical Insurance,Munich Re,Deloitte,Echelon Insurance / CCG Group,PartnerRe,iA Financial Group,KPMG Canada
438,The Co-operators,Wawanesa Insurance,Manulife,Munich Re,Canada Life,CAAT Pension Plan,Deloitte,Desjardins,Echelon Insurance / CCG Group,Economical Insurance,Foresters Financial,iA Financial Group,Intact Insurance,Mercer Canada,Swiss Re
162,Canada Life,Manulife,KPMG Canada,Deloitte,Foresters Financial,Munich Re,PartnerRe,Intact Insurance,Economical Insurance,Royal and Sun Alliance (RSA),Ontario Teachers' Pension Plan,Desjardins,CAAT Pension Plan,Echelon Insurance / CCG Group,Northbridge Financial Corporation
454,Deloitte,Desjardins,Economical Insurance,iA Financial Group,Ontario Teachers' Pension Plan,Royal and Sun Alliance (RSA),Moody's Analytics,Manulife,Echelon Insurance / CCG Group,Canada Life,CAAT Pension Plan,Foresters Financial,Intact Insurance,Mercer Canada,Northbridge Financial Corporation
439,Deloitte,Desjardins,KPMG Canada,Manulife,Intact Insurance,iA Financial Group,Economical Insurance,Foresters Financial,Echelon Insurance / CCG Group,Canada Life,Mercer Canada,Royal and Sun Alliance (RSA),Moody's Analytics,CAAT Pension Plan,Northbridge Financial Corporation
318,Milliman,Economical Insurance,Intact Insurance,Northbridge Financial Corporation,Swiss Re,PartnerRe,0,0,0,0,0,0,0,0,0
467,Mercer Canada,Desjardins,Deloitte,Intact Insurance,Manulife,Munich Re,PartnerRe,Royal and Sun Alliance (RSA),RSM Canada,Swiss Re,Wawanesa Insurance,Canada Life,CAAT Pension Plan,Economical Insurance,Foresters Financial
291,Canada Life,Manulife,Intact Insurance,Wawanesa Insurance,Mercer Canada,Milliman,Deloitte,Desjardins,Economical Insurance,KPMG Canada,The Co-operators,RSM Canada,PartnerRe,Swiss Re,Ontario Teachers' Pension Plan
140,Intact Insurance,Royal and Sun Alliance (RSA),Desjardins,Wawanesa Insurance,Deloitte,Economical Insurance,KPMG Canada,RSM Canada,Milliman,Manulife,Munich Re,Canada Life,Mercer Canada,PartnerRe,Swiss Re
270,Desjardins,Canada Life,Wawanesa Insurance,Mercer Canada,Manulife,Ontario Teachers' Pension Plan,The Co-operators,Deloitte,KPMG Canada,Intact Insurance,iA Financial Group,Northbridge Financial Corporation,Foresters Financial,RSM Canada,Royal and Sun Alliance (RSA)
164,Canada Life,Deloitte,Desjardins,Manulife,Mercer Canada,Echelon Insurance / CCG Group,0,0,0,0,0,0,0,0,0
375,Munich Re,Swiss Re,Deloitte,Canada Life,Manulife,KPMG Canada,Intact Insurance,Economical Insurance,Desjardins,PartnerRe,Milliman,Northbridge Financial Corporation,Mercer Canada,Ontario Teachers' Pension Plan,Royal and Sun Alliance (RSA)
236,Intact Insurance,Economical Insurance,Desjardins,The Co-operators,Manulife,Canada Life,Deloitte,Moody's Analytics,Wawanesa Insurance,iA Financial Group,Foresters Financial,Northbridge Financial Corporation,Normandin Beaudry,Ontario Teachers' Pension Plan,RSM Canada
317,Foresters Financial,Wawanesa Insurance,Canada Life,iA Financial Group,PartnerRe,Swiss Re,Manulife,Munich Re,The Co-operators,Deloitte,KPMG Canada,Mercer Canada,Normandin Beaudry,CAAT Pension Plan,Ontario Teachers' Pension Plan
481,Manulife,Munich Re,Ontario Teachers' Pension Plan,Swiss Re,Wawanesa Insurance,PartnerRe,Moody's Analytics,iA Financial Group,Deloitte,Economical Insurance,Echelon Insurance / CCG Group,Desjardins,Canada Life,CAAT Pension Plan,Foresters Financial
632,Mercer Canada,Intact Insurance,Desjardins,Deloitte,Manulife,Normandin Beaudry,Ontario Teachers' Pension Plan,Royal and Sun Alliance (RSA),iA Financial Group,Canada Life,CAAT Pension Plan,Wawanesa Insurance,The Co-operators,Foresters Financial,Economical Insurance
048,Munich Re,iA Financial Group,Wawanesa Insurance,The Co-operators,Royal and Sun Alliance (RSA),Ontario Teachers' Pension Plan,Moody's Analytics,Mercer Canada,Intact Insurance,Desjardins,Deloitte,Swiss Re,PartnerRe,Economical Insurance,Echelon Insurance / CCG Group
275,Desjardins,Intact Insurance,Northbridge Financial Corporation,Wawanesa Insurance,The Co-operators,Royal and Sun Alliance (RSA),Mercer Canada,Canada Life,Munich Re,Swiss Re,Manulife,Deloitte,PartnerRe,KPMG Canada,Economical Insurance
590,Munich Re,Manulife,Canada Life,Deloitte,Ontario Teachers' Pension Plan,KPMG Canada,Milliman,Desjardins,Northbridge Financial Corporation,Swiss Re,Economical Insurance,Intact Insurance,Foresters Financial,iA Financial Group,Mercer Canada
627,Milliman,Mercer Canada,The Co-operators,Desjardins,Deloitte,Normandin Beaudry,Munich Re,Swiss Re,PartnerRe,KPMG Canada,Manulife,Royal and Sun Alliance (RSA),Wawanesa Insurance,Canada Life,Ontario Teachers' Pension Plan
518,Foresters Financial,iA Financial Group,Moody's Analytics,RSM Canada,Swiss Re,Royal and Sun Alliance (RSA),Normandin Beaudry,Northbridge Financial Corporation,Mercer Canada,Milliman,Echelon Insurance / CCG Group,Desjardins,Wawanesa Insurance,Canada Life,Deloitte
440,Wawanesa Insurance,Desjardins,Economical Insurance,Intact Insurance,Deloitte,Mercer Canada,Milliman,Foresters Financial,Munich Re,Swiss Re,Manulife,Moody's Analytics,PartnerRe,Ontario Teachers' Pension Plan,Canada Life
085,Foresters Financial,Wawanesa Insurance,The Co-operators,Canada Life,Manulife,Munich Re,iA Financial Group,Swiss Re,Desjardins,Deloitte,Economical Insurance,Intact Insurance,KPMG Canada,Mercer Canada,PartnerRe
203,Desjardins,iA Financial Group,Intact Insurance,KPMG Canada,Munich Re,Royal and Sun Alliance (RSA),PartnerRe,Swiss Re,Milliman,Mercer Canada,Manulife,Deloitte,Canada Life,0,0
643,Intact Insurance,Swiss Re,Munich Re,Mercer Canada,iA Financial Group,KPMG Canada,0,0,0,0,0,0,0,0,0
220,Canada Life,Wawanesa Insurance,Intact Insurance,Desjardins,Munich Re,Deloitte,Economical Insurance,RSM Canada,The Co-operators,Mercer Canada,Manulife,Moody's Analytics,Echelon Insurance / CCG Group,Foresters Financial,CAAT Pension Plan
222,Munich Re,Swiss Re,Manulife,CAAT Pension Plan,Mercer Canada,Canada Life,RSM Canada,Wawanesa Insurance,Foresters Financial,Moody's Analytics,Normandin Beaudry,Ontario Teachers' Pension Plan,PartnerRe,iA Financial Group,KPMG Canada
355,Normandin Beaudry,Intact Insurance,Desjardins,Canada Life,CAAT Pension Plan,Deloitte,0,The Co-operators,Economical Insurance,Foresters Financial,iA Financial Group,Mercer Canada,KPMG Canada,Manulife,Milliman
228,Deloitte,Manulife,Munich Re,Canada Life,Swiss Re,KPMG Canada,Wawanesa Insurance,RSM Canada,PartnerRe,The Co-operators,Economical Insurance,Foresters Financial,Desjardins,Royal and Sun Alliance (RSA),Mercer Canada
189,Manulife,KPMG Canada,Economical Insurance,iA Financial Group,Deloitte,Canada Life,Milliman,Mercer Canada,Normandin Beaudry,The Co-operators,Wawanesa Insurance,Desjardins,Intact Insurance,Munich Re,Northbridge Financial Corporation
296,Swiss Re,Desjardins,Intact Insurance,Economical Insurance,Wawanesa Insurance,Munich Re,Mercer Canada,Deloitte,Manulife,The Co-operators,iA Financial Group,0,0,0,0
100,Munich Re,Milliman,RSM Canada,Desjardins,KPMG Canada,Swiss Re,Intact Insurance,Royal and Sun Alliance (RSA),PartnerRe,Normandin Beaudry,Northbridge Financial Corporation,Moody's Analytics,iA Financial Group,Wawanesa Insurance,The Co-operators
231,Wawanesa Insurance,Canada Life,Intact Insurance,Manulife,Deloitte,Desjardins,Mercer Canada,Munich Re,Swiss Re,PartnerRe,Royal and Sun Alliance (RSA),Ontario Teachers' Pension Plan,CAAT Pension Plan,Echelon Insurance / CCG Group,The Co-operators
118,Munich Re,Mercer Canada,Intact Insurance,Economical Insurance,Canada Life,Manulife,Wawanesa Insurance,Deloitte,Milliman,The Co-operators,Swiss Re,PartnerRe,KPMG Canada,iA Financial Group,Desjardins
186,Canada Life,iA Financial Group,Foresters Financial,The Co-operators,0,0,0,0,0,0,0,0,0,0,0
437,Swiss Re,PartnerRe,Munich Re,KPMG Canada,Manulife,iA Financial Group,Echelon Insurance / CCG Group,Economical Insurance,Deloitte,Canada Life,0,0,0,0,0
561,Deloitte,Desjardins,Munich Re,Intact Insurance,Manulife,Canada Life,Mercer Canada,Economical Insurance,iA Financial Group,The Co-operators,KPMG Canada,PartnerRe,Moody's Analytics,Foresters Financial,Swiss Re
192,Canada Life,The Co-operators,Foresters Financial,Intact Insurance,Mercer Canada,Swiss Re,Manulife,Wawanesa Insurance,Normandin Beaudry,Northbridge Financial Corporation,Munich Re,Moody's Analytics,Milliman,KPMG Canada,iA Financial Group
081,PartnerRe,Swiss Re,Moody's Analytics,Munich Re,Manulife,CAAT Pension Plan,0,0,0,0,0,0,0,0,0
064,CAAT Pension Plan,0,0,0,0,0,0,0,0,0,0,0,0,0,0
071,The Co-operators,PartnerRe,Wawanesa Insurance,RSM Canada,Munich Re,0,Deloitte,Desjardins,0,Economical Insurance,0,Foresters Financial,0,Manulife,Ontario Teachers' Pension Plan
598,KPMG Canada,Munich Re,Deloitte,Swiss Re,Canada Life,RSM Canada,Mercer Canada,Desjardins,Manulife,Intact Insurance,Economical Insurance,iA Financial Group,Ontario Teachers' Pension Plan,The Co-operators,PartnerRe
448,The Co-operators,Foresters Financial,Intact Insurance,Wawanesa Insurance,Moody's Analytics,CAAT Pension Plan,Canada Life,Desjardins,KPMG Canada,Manulife,Munich Re,PartnerRe,Ontario Teachers' Pension Plan,Swiss Re,Deloitte
058,Canada Life,Foresters Financial,Manulife,Moody's Analytics,Intact Insurance,Wawanesa Insurance,Swiss Re,Ontario Teachers' Pension Plan,Munich Re,Mercer Canada,iA Financial Group,Economical Insurance,Desjardins,Deloitte,PartnerRe
423,Desjardins,RSM Canada,Canada Life,Northbridge Financial Corporation,0,0,0,0,0,0,0,0,0,0,0
156,Milliman,Canada Life,Deloitte,Desjardins,Intact Insurance,Royal and Sun Alliance (RSA),Moody's Analytics,Munich Re,Economical Insurance,Manulife,Swiss Re,Wawanesa Insurance,iA Financial Group,Normandin Beaudry,PartnerRe
371,Intact Insurance,iA Financial Group,The Co-operators,Munich Re,Swiss Re,Wawanesa Insurance,Desjardins,Normandin Beaudry,Deloitte,Manulife,Mercer Canada,Foresters Financial,Milliman,PartnerRe,Canada Life
229,Royal and Sun Alliance (RSA),Wawanesa Insurance,Intact Insurance,Canada Life,Manulife,0,0,0,0,0,0,0,0,0,0
144,Manulife,KPMG Canada,Moody's Analytics,Desjardins,Foresters Financial,Economical Insurance,Intact Insurance,Munich Re,Northbridge Financial Corporation,CAAT Pension Plan,Echelon Insurance / CCG Group,iA Financial Group,Mercer Canada,RSM Canada,Normandin Beaudry
652,Normandin Beaudry,Wawanesa Insurance,Echelon Insurance / CCG Group,Royal and Sun Alliance (RSA),Mercer Canada,Canada Life,KPMG Canada,Milliman,Moody's Analytics,Munich Re,Northbridge Financial Corporation,Economical Insurance,Desjardins,Deloitte,CAAT Pension Plan
174,Manulife,Canada Life,Deloitte,Desjardins,Foresters Financial,KPMG Canada,Intact Insurance,Munich Re,Swiss Re,PartnerRe,CAAT Pension Plan,Echelon Insurance / CCG Group,Economical Insurance,Milliman,Royal and Sun Alliance (RSA)
131,Intact Insurance,Desjardins,Munich Re,Manulife,KPMG Canada,Economical Insurance,The Co-operators,Royal and Sun Alliance (RSA),Wawanesa Insurance,Northbridge Financial Corporation,Deloitte,Foresters Financial,Ontario Teachers' Pension Plan,RSM Canada,CAAT Pension Plan
201,Wawanesa Insurance,Deloitte,Desjardins,Economical Insurance,Manulife,Canada Life,Mercer Canada,Ontario Teachers' Pension Plan,Munich Re,The Co-operators,Royal and Sun Alliance (RSA),RSM Canada,Swiss Re,Northbridge Financial Corporation,CAAT Pension Plan
098,Desjardins,Wawanesa Insurance,Economical Insurance,Echelon Insurance / CCG Group,Deloitte,RSM Canada,The Co-operators,Royal and Sun Alliance (RSA),PartnerRe,Ontario Teachers' Pension Plan,Normandin Beaudry,Northbridge Financial Corporation,Munich Re,Mercer Canada,KPMG Canada
420,Normandin Beaudry,Deloitte,PartnerRe,KPMG Canada,RSM Canada,Milliman,Munich Re,Swiss Re,Mercer Canada,Manulife,Desjardins,Canada Life,iA Financial Group,Moody's Analytics,0
461,Normandin Beaudry,Canada Life,Munich Re,Manulife,Mercer Canada,Deloitte,KPMG Canada,Desjardins,CAAT Pension Plan,Ontario Teachers' Pension Plan,Milliman,Intact Insurance,Swiss Re,Economical Insurance,PartnerRe
640,Normandin Beaudry,Intact Insurance,Echelon Insurance / CCG Group,Desjardins,Mercer Canada,Manulife,Munich Re,Swiss Re,Deloitte,Wawanesa Insurance,PartnerRe,Northbridge Financial Corporation,Moody's Analytics,Milliman,Royal and Sun Alliance (RSA)
470,Mercer Canada,RSM Canada,Canada Life,0,Swiss Re,Intact Insurance,Manulife,The Co-operators,Deloitte,Moody's Analytics,PartnerRe,0,Desjardins,CAAT Pension Plan,Wawanesa Insurance
462,Canada Life,Manulife,Intact Insurance,Economical Insurance,0,0,0,0,0,0,0,0,0,0,0
463,Canada Life,PartnerRe,Wawanesa Insurance,0,0,0,0,0,0,0,0,0,0,0,0
495,Munich Re,Desjardins,Economical Insurance,Moody's Analytics,Northbridge Financial Corporation,Wawanesa Insurance,The Co-operators,Royal and Sun Alliance (RSA),Swiss Re,RSM Canada,Ontario Teachers' Pension Plan,Normandin Beaudry,Milliman,Echelon Insurance / CCG Group,iA Financial Group
480,Milliman,Munich Re,Swiss Re,Deloitte,PartnerRe,Moody's Analytics,Normandin Beaudry,Mercer Canada,KPMG Canada,iA Financial Group,RSM Canada,Intact Insurance,Desjardins,Manulife,Canada Life
587,PartnerRe,iA Financial Group,CAAT Pension Plan,Northbridge Financial Corporation,Munich Re,Foresters Financial,0,The Co-operators,Royal and Sun Alliance (RSA),Economical Insurance,Intact Insurance,RSM Canada,Moody's Analytics,Mercer Canada,Ontario Teachers' Pension Plan
534,Intact Insurance,Milliman,Canada Life,The Co-operators,Swiss Re,CAAT Pension Plan,RSM Canada,0,0,0,0,0,0,0,0
021,Intact Insurance,Desjardins,Milliman,Royal and Sun Alliance (RSA),Moody's Analytics,Wawanesa Insurance,The Co-operators,Economical Insurance,RSM Canada,PartnerRe,Northbridge Financial Corporation,Munich Re,KPMG Canada,iA Financial Group,Swiss Re
312,Economical Insurance,Milliman,Munich Re,Intact Insurance,Deloitte,Mercer Canada,0,0,0,0,0,0,0,0,0
551,Intact Insurance,Mercer Canada,Wawanesa Insurance,Royal and Sun Alliance (RSA),Economical Insurance,Canada Life,Manulife,Swiss Re,PartnerRe,Northbridge Financial Corporation,Desjardins,Deloitte,0,0,0
501,Economical Insurance,The Co-operators,Desjardins,Intact Insurance,0,0,0,0,0,0,0,0,0,0,0
165,Munich Re,Economical Insurance,Deloitte,Manulife,PartnerRe,Intact Insurance,Desjardins,Mercer Canada,Royal and Sun Alliance (RSA),RSM Canada,Swiss Re,Wawanesa Insurance,Canada Life,Foresters Financial,Milliman
568,Manulife,Deloitte,Intact Insurance,Munich Re,Desjardins,Foresters Financial,Wawanesa Insurance,Moody's Analytics,Swiss Re,0,Canada Life,PartnerRe,Mercer Canada,Economical Insurance,RSM Canada